:ID,公司简称,公司全称,注册地址,所属行业
300001,特锐德,青岛特锐德电气股份有限公司,山东省青岛市崂山区松岭路336号,C 制造业
300002,神州泰岳,北京神州泰岳软件股份有限公司,北京市海淀区万泉庄路28号万柳新贵大厦A座6层601室,I 信息技术
300003,乐普医疗,乐普（北京）医疗器械股份有限公司,北京市昌平区超前路37号,C 制造业
300004,南风股份,南方风机股份有限公司,广东省佛山市南海区小塘三环西路(狮南段)31号,C 制造业
300005,探路者,探路者控股集团股份有限公司,北京市昌平区科技园区永安路26号609,C 制造业
300006,莱美药业,重庆莱美药业股份有限公司,重庆市南岸区玉马路99号,C 制造业
300007,汉威科技,汉威科技集团股份有限公司,河南省郑州高新技术开发区雪松路169号,C 制造业
300008,天海防务,天海融合防务装备技术股份有限公司,上海市松江区莘砖公路518号10幢8层,M 科研服务
300009,安科生物,安徽安科生物工程(集团)股份有限公司,安徽省合肥市长江西路669号高新区海关路K-1,C 制造业
300010,立思辰,北京立思辰科技股份有限公司,北京市门头沟区石龙南路6号1幢6-206室,I 信息技术
300011,鼎汉技术,北京鼎汉技术集团股份有限公司,北京市丰台区南四环西路188号十八区2号楼（园区）,C 制造业
300012,华测检测,华测检测认证集团股份有限公司,广东省深圳市宝安区新安街道华测检测大楼1号楼101,M 科研服务
300013,新宁物流,江苏新宁现代物流股份有限公司,江苏省昆山市张浦镇阳光西路760号,G 运输仓储
300014,亿纬锂能,惠州亿纬锂能股份有限公司,广东省惠州市仲恺高新区惠风七路38号,C 制造业
300015,爱尔眼科,爱尔眼科医院集团股份有限公司,湖南省长沙市芙蓉区长冲路99号隆平高科技园省科研成果转化中心一楼,Q 卫生
300016,北陆药业,北京北陆药业股份有限公司,北京市密云区水源西路3号,C 制造业
300017,网宿科技,网宿科技股份有限公司,上海市嘉定环城路200号,I 信息技术
300018,中元股份,武汉中元华电科技股份有限公司,湖北省武汉东湖新技术开发区华中科技大学科技园六路6号,C 制造业
300019,硅宝科技,成都硅宝科技股份有限公司,四川省成都高新区新园大道16号,C 制造业
300020,银江股份,银江股份有限公司,浙江省杭州市益乐路223号1幢1层,I 信息技术
300021,大禹节水,大禹节水集团股份有限公司,甘肃省酒泉市解放路290号,C 制造业
300022,吉峰科技,吉峰三农科技服务股份有限公司,四川省成都市郫县成都现代工业港北部园区港通北二路219号,F 批发零售
300023,宝德股份,西安宝德自动化股份有限公司,陕西省西安市高新区草堂科技产业基地秦岭大道西付6号,J 金融业
300024,机器人,沈阳新松机器人自动化股份有限公司,辽宁省沈阳市浑南新区金辉街16号,C 制造业
300025,华星创业,杭州华星创业通信技术股份有限公司,浙江省杭州市滨江区长河街道聚才路500号,I 信息技术
300026,红日药业,天津红日药业股份有限公司,天津新技术产业园区武清开发区泉发路西,C 制造业
300027,华谊兄弟,华谊兄弟传媒股份有限公司,浙江省东阳市横店影视产业实验区C1001,R 文化传播
300028,金亚科技,金亚科技股份有限公司,四川省成都金牛高科技产业园信息园西路81号16层1-2号,C 制造业
300029,天龙光电,江苏华盛天龙光电设备股份有限公司,江苏省金坛经济开发区华城路318号,C 制造业
300030,阳普医疗,广州阳普医疗科技股份有限公司,广东省广州市经济技术开发区科学城开源大道102号,C 制造业
300031,宝通科技,无锡宝通科技股份有限公司,江苏省无锡市新吴区张公路19号,I 信息技术
300032,金龙机电,金龙机电股份有限公司,浙江省乐清市北白象镇进港大道边金龙科技园,C 制造业
300033,同花顺,浙江核新同花顺网络信息股份有限公司,浙江省杭州市余杭区同顺街18号,I 信息技术
300034,钢研高纳,北京钢研高纳科技股份有限公司,北京市海淀区大柳树南村19号,C 制造业
300035,中科电气,湖南中科电气股份有限公司,湖南省岳阳经济技术开发区岳阳大道中科工业园,C 制造业
300036,超图软件,北京超图软件股份有限公司,北京市朝阳区酒仙桥北路甲10号电子城IT产业园107楼6层,I 信息技术
300037,新宙邦,深圳新宙邦科技股份有限公司,广东省深圳市坪山区沙坣同富裕工业区,C 制造业
300038,数知科技,北京数知科技股份有限公司,北京市西城区新街口外大街28号主楼302室(德胜园区),I 信息技术
300039,上海凯宝,上海凯宝药业股份有限公司,上海市工业综合开发区程普路88号,C 制造业
300040,九洲电气,哈尔滨九洲电气股份有限公司,黑龙江省哈尔滨市南岗区哈平路162号,C 制造业
300041,回天新材,湖北回天新材料股份有限公司,湖北省襄阳市国家高新技术开发区航天路7号,C 制造业
300042,朗科科技,深圳市朗科科技股份有限公司,广东省深圳市南山区高新技术产业园区高新南六道朗科大厦16、18、19楼,C 制造业
300043,星辉娱乐,星辉互动娱乐股份有限公司,广东省汕头市澄海区星辉工业园(上华镇夏岛路北侧),I 信息技术
300044,赛为智能,深圳市赛为智能股份有限公司,广东省深圳市龙岗区南湾街道下李朗社区联李东路8号赛为大楼A101至15楼,I 信息技术
300045,华力创通,北京华力创通科技股份有限公司,北京市海淀区东北旺西路8号院中关村软件园乙18号楼创通科技大厦,C 制造业
300046,台基股份,湖北台基半导体股份有限公司,湖北省襄阳市襄城区胜利街162号,C 制造业
300047,天源迪科,深圳天源迪科信息技术股份有限公司,广东省深圳市南山区粤海街道高新区南区市高新技术工业村T3栋B3楼,I 信息技术
300048,合康新能,北京合康新能科技股份有限公司,北京市经济技术开发区博兴二路3号2幢1层,C 制造业
300049,福瑞股份,内蒙古福瑞医疗科技股份有限公司,内蒙古自治区乌兰察布盟集宁市解放路103号,C 制造业
300050,世纪鼎利,珠海世纪鼎利科技股份有限公司,广东省珠海市港湾大道科技五路8号一层,I 信息技术
300051,三五互联,厦门三五互联科技股份有限公司,福建省厦门市火炬高新技术产业开发区软件园二期观日路8号一层,I 信息技术
300052,中青宝,深圳中青宝互动网络股份有限公司,广东省深圳市福田区深南中路电子科技大厦C座43层A1,I 信息技术
300053,欧比特,珠海欧比特宇航科技股份有限公司,广东省珠海市唐家东岸白沙路1号欧比特科技园,C 制造业
300054,鼎龙股份,湖北鼎龙控股股份有限公司,湖北省武汉市经济技术开发区东荆河路1号,C 制造业
300055,万邦达,北京万邦达环保技术股份有限公司,北京市朝阳区酒仙桥路10号3号楼15层1506,E 建筑业
300056,中创环保,厦门中创环保科技股份有限公司,福建省厦门火炬高新区(翔安)产业区春光路1178-1182号,C 制造业
300057,万顺新材,汕头万顺新材集团股份有限公司,广东省汕头保税区万顺工业园,C 制造业
300058,蓝色光标,北京蓝色光标数据科技股份有限公司,北京市朝阳区酒仙桥北路9号（厂区）10幢二层A5-01,L 商务服务
300059,东方财富,东方财富信息股份有限公司,上海市嘉定区宝安公路2999号1幢,J 金融业
300061,旗天科技,旗天科技集团股份有限公司,上海市浦东新区川大路555号,L 商务服务
300062,中能电气,中能电气股份有限公司,福建省福州市仓山区金山工业区金洲北路,C 制造业
300063,天龙集团,广东天龙油墨集团股份有限公司,广东省肇庆市金渡工业园内,L 商务服务
300064,豫金刚石,郑州华晶金刚石股份有限公司,河南省郑州市新材料产业园区科学大道111号,C 制造业
300065,海兰信,北京海兰信数据科技股份有限公司,北京市海淀区地锦路7号院10号楼5层501,C 制造业
300066,三川智慧,三川智慧科技股份有限公司,江西省鹰潭高新区龙岗片区三川水工产业园,C 制造业
300067,安诺其,上海安诺其集团股份有限公司,上海市青浦区崧华路881号,C 制造业
300068,南都电源,浙江南都电源动力股份有限公司,浙江省临安市青山湖街道景观大道72号,C 制造业
300069,金利华电,浙江金利华电气股份有限公司,浙江省金华市金东经济开发区,C 制造业
300070,碧水源,北京碧水源科技股份有限公司,北京市海淀区生命科学园路23-2号碧水源大厦,N 公共环保
300071,华谊嘉信,北京华谊嘉信整合营销顾问集团股份有限公司,北京市石景山区实兴大街30号院8号楼512,L 商务服务
300072,三聚环保,北京三聚环保新材料股份有限公司,北京市海淀区人大北路33号1号楼大行基业大厦9层,C 制造业
300073,当升科技,北京当升材料科技股份有限公司,北京市丰台区南四环西路188号总部基地18区21号,C 制造业
300074,华平股份,华平信息技术股份有限公司,上海市杨浦区国权北路1688弄69号,I 信息技术
300075,数字政通,北京数字政通科技股份有限公司,北京市海淀区西直门北大街32号枫蓝国际中心1号楼18层1805室,I 信息技术
300076,GQY视讯,宁波GQY视讯股份有限公司,浙江省宁波杭州湾新区滨海四路131号,C 制造业
300077,国民技术,国民技术股份有限公司,广东省深圳市南山区西丽街道松坪山社区宝深路109号国民技术大厦1楼,C 制造业
300078,思创医惠,思创医惠科技股份有限公司,浙江省杭州市莫干山路1418-25号(上城科技经济园),C 制造业
300079,数码科技,北京数码视讯科技股份有限公司,北京市海淀区上地信息产业基地开拓路15号1幢,C 制造业
300080,易成新能,河南易成新能源股份有限公司,河南省开封市精细化工产业园区,C 制造业
300081,恒信东方,恒信东方文化股份有限公司,北京市东城区藏经馆胡同2号3幢一层101,M 科研服务
300082,奥克股份,辽宁奥克化学股份有限公司,辽宁省辽阳市宏伟区万和七路38号,C 制造业
300083,劲胜智能,广东劲胜智能集团股份有限公司,广东省东莞市长安镇上角村,C 制造业
300084,海默科技,海默科技（集团）股份有限公司,甘肃省兰州市城关区张苏滩593号,B 采矿业
300085,银之杰,深圳市银之杰科技股份有限公司,广东省深圳市福田区沙头街道天安社区泰然五路天安数码城天祥大厦10A-1,I 信息技术
300086,康芝药业,康芝药业股份有限公司,海南省海口国家高新技术产业开发区药谷工业园药谷三路6号,C 制造业
300087,荃银高科,安徽荃银高科种业股份有限公司,安徽省合肥市高新区创新大道98号,A 农林牧渔
300088,长信科技,芜湖长信科技股份有限公司,安徽省芜湖市经济技术开发区汽经二路以东,C 制造业
300089,文化长城,广东文化长城集团股份有限公司,广东省潮州市枫溪区蔡陇大道,C 制造业
300090,盛运环保,安徽盛运环保（集团）股份有限公司,安徽省桐城市经济开发区新东环路,C 制造业
300091,金通灵,金通灵科技集团股份有限公司,江苏省南通市钟秀中路135号,C 制造业
300092,科新机电,四川科新机电股份有限公司,四川省什邡市马祖镇,C 制造业
300093,金刚玻璃,广东金刚玻璃科技股份有限公司,广东省汕头市大学路叠金工业区,C 制造业
300094,国联水产,湛江国联水产开发股份有限公司,广东省湛江开发区平乐工业区永平南路,A 农林牧渔
300095,华伍股份,江西华伍制动器股份有限公司,江西省丰城市高新技术产业园区火炬大道26号,C 制造业
300096,易联众,易联众信息技术股份有限公司,福建省厦门市软件园二期观日路18号502室,I 信息技术
300097,智云股份,大连智云自动化装备股份有限公司,辽宁省大连市甘井子区营日路32号-1,C 制造业
300098,高新兴,高新兴科技集团股份有限公司,广东省广州市黄埔区科学城开创大道2819号六楼,I 信息技术
300099,精准信息,尤洛卡精准信息工程股份有限公司,山东省泰安市高新区凤祥路以西规划支路以北,C 制造业
300100,双林股份,宁波双林汽车部件股份有限公司,浙江省宁波市宁海县西店镇潢溪口,C 制造业
300101,振芯科技,成都振芯科技股份有限公司,四川省成都高新区高朋大道1号,C 制造业
300102,乾照光电,厦门乾照光电股份有限公司,福建省厦门火炬高新区(翔安)产业区翔天路259-269号,C 制造业
300103,达刚控股,达刚控股集团股份有限公司,陕西省西安市高新区毕原三路10号,N 公共环保
300104,乐视退,乐视网信息技术（北京）股份有限公司,北京市朝阳区姚家园路105号3号楼12层1503,I 信息技术
300105,龙源技术,烟台龙源电力技术股份有限公司,山东省烟台市经济技术开发区白云山路2号,C 制造业
300106,西部牧业,新疆西部牧业股份有限公司,新疆石河子市开发区北三东路29-2号,A 农林牧渔
300107,建新股份,河北建新化工股份有限公司,河北省沧州临港化工园区（中捷农场）,C 制造业
300108,吉药控股,吉药控股集团股份有限公司,吉林省梅河口市环城北路6号,C 制造业
300109,新开源,博爱新开源医疗科技集团股份有限公司,河南省焦作市博爱县文化路（东段）1888号,C 制造业
300110,华仁药业,华仁药业股份有限公司,山东省青岛市高科技工业园株洲路187号,C 制造业
300111,向日葵,浙江向日葵大健康科技股份有限公司,浙江省绍兴袍江工业区三江路,C 制造业
300112,万讯自控,深圳万讯自控股份有限公司,广东省深圳市南山区高新技术产业园北区三号路万讯自控大楼1-6层,C 制造业
300113,顺网科技,杭州顺网科技股份有限公司,浙江省杭州市西湖区文一西路75号3号楼,I 信息技术
300114,中航电测,中航电测仪器股份有限公司,陕西省汉中市经济开发区北区鑫源路,C 制造业
300115,长盈精密,深圳市长盈精密技术股份有限公司,广东省深圳市宝安区福永镇桥头富桥工业3区3号厂,C 制造业
300116,坚瑞沃能,陕西坚瑞沃能股份有限公司,陕西省西安市高新区科技二路65号6幢10701房,C 制造业
300117,嘉寓股份,北京嘉寓门窗幕墙股份有限公司,北京市顺义区牛栏山镇牛富路1号,E 建筑业
300118,东方日升,东方日升新能源股份有限公司,浙江省宁波市宁海县梅林街道塔山工业园区,C 制造业
300119,瑞普生物,天津瑞普生物技术股份有限公司,天津市天津空港经济区东九道1号,C 制造业
300120,经纬辉开,天津经纬辉开光电股份有限公司,天津市津南经济开发区(双港)旺港路12号,C 制造业
300121,阳谷华泰,山东阳谷华泰化工股份有限公司,山东省阳谷县清河西路399号,C 制造业
300122,智飞生物,重庆智飞生物制品股份有限公司,重庆市江北区金源路7号25-1至25-8,C 制造业
300123,亚光科技,亚光科技集团股份有限公司,湖南省沅江市游艇工业园,C 制造业
300124,汇川技术,深圳市汇川技术股份有限公司,广东省深圳市龙华新区观澜街道高新技术产业园汇川技术总部大厦,C 制造业
300125,聆达股份,聆达集团股份有限公司,辽宁省大连市高新技术产业园区火炬路32A号B座20层,M 科研服务
300126,锐奇股份,锐奇控股股份有限公司,上海市松江区新桥镇新茸路5号,C 制造业
300127,银河磁体,成都银河磁体股份有限公司,四川省成都市高新技术开发区西区百草路6号,C 制造业
300128,锦富技术,苏州锦富技术股份有限公司,江苏省苏州工业园区江浦路39号,C 制造业
300129,泰胜风能,上海泰胜风能装备股份有限公司,上海市金山区卫清东路1988号,C 制造业
300130,新国都,深圳市新国都股份有限公司,广东省深圳市福田区深南路车公庙工业区泰然劲松大厦17A,C 制造业
300131,英唐智控,深圳市英唐智能控制股份有限公司,广东省深圳市南山区高新技术产业园科技南五路英唐大厦五楼,F 批发零售
300132,青松股份,福建青松股份有限公司,福建省建阳市回瑶工业园区,C 制造业
300133,华策影视,浙江华策影视股份有限公司,浙江省杭州市西湖区华策中心1号楼401室,R 文化传播
300134,大富科技,大富科技（安徽）股份有限公司,安徽省蚌埠市燕南路17号国家金融孵化产业园4号楼,C 制造业
300135,宝利国际,江苏宝利国际投资股份有限公司,江苏省江阴市云亭镇工业园区,C 制造业
300136,信维通信,深圳市信维通信股份有限公司,广东省深圳市宝安区沙井街道西环路1013号A.B栋,C 制造业
300137,先河环保,河北先河环保科技股份有限公司,河北省石家庄市高新技术开发区湘江道251号,C 制造业
300138,晨光生物,晨光生物科技集团股份有限公司,河北省邯郸市曲周县城晨光路1号,C 制造业
300139,晓程科技,北京晓程科技股份有限公司,北京市海淀区西三环北路87号国际财经中心D座503,C 制造业
300140,中环装备,中节能环保装备股份有限公司,陕西省西安市经济技术开发区凤城十二路,C 制造业
300141,和顺电气,苏州工业园区和顺电气股份有限公司,江苏省苏州工业园区和顺路8号,C 制造业
300142,沃森生物,云南沃森生物技术股份有限公司,云南省昆明市高新开发区北区云南大学科技园2期A3幢4楼,C 制造业
300143,盈康生命,盈康生命科技股份有限公司,广东省东莞市塘厦镇蛟坪大道83号,Q 卫生
300144,宋城演艺,宋城演艺发展股份有限公司,浙江省杭州市之江路148号,R 文化传播
300145,中金环境,南方中金环境股份有限公司,浙江省杭州市余杭区仁和街道仁河大道46号,C 制造业
300146,汤臣倍健,汤臣倍健股份有限公司,广东省珠海市金湾区三灶科技工业园星汉路19号,C 制造业
300147,香雪制药,广州市香雪制药股份有限公司,广东省广州市萝岗区广州经济技术开发区科学城金峰园路2号,C 制造业
300148,天舟文化,天舟文化股份有限公司,湖南省长沙市长沙县星沙镇茶叶大市场办公楼502、602号,R 文化传播
300149,量子生物,量子高科（中国）生物股份有限公司,广东省江门市高新区高新西路133号,M 科研服务
300150,世纪瑞尔,北京世纪瑞尔技术股份有限公司,北京市海淀区创业路8号3号楼6层3-9,I 信息技术
300151,昌红科技,深圳市昌红科技股份有限公司,广东省深圳市坪山区碧岭街道沙湖社区锦龙大道3号昌红科技公司1层至3层,C 制造业
300152,科融环境,雄安科融环境科技股份有限公司,河北省保定市容城县雄安市民服务中心企业办公区A栋西区,N 公共环保
300153,科泰电源,上海科泰电源股份有限公司,上海市青浦区天辰路1633号,C 制造业
300154,瑞凌股份,深圳市瑞凌实业股份有限公司,广东省深圳市光明新区观光路3009号招商局科技园A3栋C单元207,C 制造业
300155,安居宝,广东安居宝数码科技股份有限公司,广东省广州高新技术产业开发区科学城起云路6号自编一栋,C 制造业
300156,神雾环保,神雾环保技术股份有限公司,北京市朝阳区将台路5号院15号楼C座6层,C 制造业
300157,恒泰艾普,恒泰艾普集团股份有限公司,北京市海淀区丰秀中路3号院4号楼401室,B 采矿业
300158,振东制药,山西振东制药股份有限公司,山西省长治县光明南路振东科技园,C 制造业
300159,新研股份,新疆机械研究院股份有限公司,新疆维吾尔自治区乌鲁木齐经济技术开发区融合南路661号,C 制造业
300160,秀强股份,江苏秀强玻璃工艺股份有限公司,江苏省宿迁市宿豫区江山大道28号,C 制造业
300161,华中数控,武汉华中数控股份有限公司,湖北省武汉市东湖开发区华工科技园,C 制造业
300162,雷曼光电,深圳雷曼光电科技股份有限公司,广东省深圳市南山区松白公路百旺信工业园区二区第八栋,C 制造业
300163,先锋新材,宁波先锋新材料股份有限公司,浙江省宁波市海曙区集士港镇山下庄村,C 制造业
300164,通源石油,通源石油科技集团股份有限公司,陕西省西安市高新区科技二路70号软件园唐乐阁D301室,B 采矿业
300165,天瑞仪器,江苏天瑞仪器股份有限公司,江苏省昆山市玉山镇中华园西路1888号天瑞大厦,C 制造业
300166,东方国信,北京东方国信科技股份有限公司,北京市朝阳区创达三路1号院1号楼7层101,I 信息技术
300167,迪威迅,深圳市迪威迅股份有限公司,广东省深圳市南山区茶光路1089号深圳集成电路设计应用产业园306-1、306-2、307-2室,I 信息技术
300168,万达信息,万达信息股份有限公司,上海市桂平路481号20号楼5层,I 信息技术
300169,天晟新材,常州天晟新材料股份有限公司,江苏省常州市龙锦路508号,C 制造业
300170,汉得信息,上海汉得信息技术股份有限公司,上海市青浦工业园区外青松公路5500号303室,I 信息技术
300171,东富龙,上海东富龙科技股份有限公司,上海市闵行区都会路1509号4幢,C 制造业
300172,中电环保,中电环保股份有限公司,江苏省南京市江宁开发区诚信大道1800号,N 公共环保
300173,智慧松德,松德智慧装备股份有限公司,广东省佛山市禅城区季华六路17号五座3301-3310室,C 制造业
300174,元力股份,福建元力活性炭股份有限公司,福建省南平来舟经济开发区,C 制造业
300175,朗源股份,朗源股份有限公司,山东省龙口高新技术产业园区,C 制造业
300176,派生科技,广东派生智能科技股份有限公司,广东省肇庆市鼎湖城区北十区,C 制造业
300177,中海达,广州中海达卫星导航技术股份有限公司,广东省广州市番禺区东环街番禺大道北555号天安总部中心13号厂房101,C 制造业
300178,腾邦国际,腾邦国际商业服务集团股份有限公司,广东省深圳市福田保税区桃花路腾邦物流大厦5楼,L 商务服务
300179,四方达,河南四方达超硬材料股份有限公司,河南省自贸试验区郑州片区（经开）第十大街109号,C 制造业
300180,华峰超纤,上海华峰超纤科技股份有限公司,上海市金山区亭卫南路888号,C 制造业
300181,佐力药业,浙江佐力药业股份有限公司,浙江省德清县阜溪街道志远北路388号,C 制造业
300182,捷成股份,北京捷成世纪科技股份有限公司,北京市海淀区知春路1号学院国际大厦709室,R 文化传播
300183,东软载波,青岛东软载波科技股份有限公司,山东省青岛市市北区上清路16号甲,I 信息技术
300184,力源信息,武汉力源信息技术股份有限公司,湖北省武汉市东湖新技术开发区武大园三路5号,F 批发零售
300185,通裕重工,通裕重工股份有限公司,山东省德州（禹城）国家高新技术产业开发区,C 制造业
300187,永清环保,永清环保股份有限公司,湖南省长沙市浏阳市国家生物医药产业基地(319国道旁),N 公共环保
300188,美亚柏科,厦门市美亚柏科信息股份有限公司,福建省厦门市软件园二期观日路12号102-402单元,I 信息技术
300189,神农科技,海南神农科技股份有限公司,海南省海口市秀英区美林路8号慧远美林谷综合服务楼,A 农林牧渔
300190,维尔利,维尔利环保科技集团股份有限公司,江苏省常州新北区汉江路156号,N 公共环保
300191,潜能恒信,潜能恒信能源技术股份有限公司,北京市海淀区北洼路30号1号楼A416室,B 采矿业
300192,科斯伍德,苏州科斯伍德油墨股份有限公司,江苏省苏州市相城区黄埭镇春申路989号,C 制造业
300193,佳士科技,深圳市佳士科技股份有限公司,广东省深圳市坪山新区青兰一路3号,C 制造业
300194,福安药业,福安药业（集团）股份有限公司,重庆市长寿区化南一路1号,C 制造业
300195,长荣股份,天津长荣科技集团股份有限公司,天津新技术产业园区北辰科技工业园,C 制造业
300196,长海股份,江苏长海复合材料股份有限公司,江苏省常州市武进区遥观镇塘桥村,C 制造业
300197,铁汉生态,深圳市铁汉生态环境股份有限公司,广东省深圳市龙岗区坂田街道雪岗路2018号天安云谷产业园一期3栋B座20层2002单元,N 公共环保
300198,纳川股份,福建纳川管材科技股份有限公司,福建省泉州市泉港区普安工业区,C 制造业
300199,翰宇药业,深圳翰宇药业股份有限公司,广东省深圳市南山区高新技术工业园中区翰宇生物医药园办公大楼四层,C 制造业
300200,高盟新材,北京高盟新材料股份有限公司,北京市房山区燕山东流水工业区14号,C 制造业
300201,海伦哲,徐州海伦哲专用车辆股份有限公司,江苏省徐州经济开发区螺山路19号,C 制造业
300202,聚龙股份,聚龙股份有限公司,辽宁省鞍山市铁东区千山中路308号,C 制造业
300203,聚光科技,聚光科技（杭州）股份有限公司,浙江省杭州市滨江区滨安路760号,C 制造业
300204,舒泰神,舒泰神(北京)生物制药股份有限公司,北京市北京经济技术开发区经海二路36号,C 制造业
300205,天喻信息,武汉天喻信息产业股份有限公司,湖北省武汉市东湖新技术开发区华工大学科技园,C 制造业
300206,理邦仪器,深圳市理邦精密仪器股份有限公司,广东省深圳市坪山新区坑梓街道金沙社区金辉路15号,C 制造业
300207,欣旺达,欣旺达电子股份有限公司,广东省深圳市宝安区石岩街道石龙社区颐和路2号综合楼1楼、2楼A-B区、2楼D区-9楼,C 制造业
300208,青岛中程,青岛中资中程集团股份有限公司,山东省青岛市城阳区流亭街道双元路西侧（空港工业聚集区）,C 制造业
300209,天泽信息,天泽信息产业股份有限公司,江苏省南京市建邺区云龙山路80号,I 信息技术
300210,森远股份,鞍山森远路桥股份有限公司,辽宁省鞍山市鞍千路281号,C 制造业
300211,亿通科技,江苏亿通高科技股份有限公司,江苏省常熟市通林路28号,C 制造业
300212,易华录,北京易华录信息技术股份有限公司,北京市石景山区阜石路165号院1号楼1001室,I 信息技术
300213,佳讯飞鸿,北京佳讯飞鸿电气股份有限公司,北京市海淀区锦带路88号院1号楼,C 制造业
300214,日科化学,山东日科化学股份有限公司,山东省昌乐县英轩街3999号1号楼,C 制造业
300215,电科院,苏州电器科学研究院股份有限公司,江苏省苏州市吴中区越溪前珠路5号,M 科研服务
300216,千山药机,湖南千山制药机械股份有限公司,湖南省衡阳市高新技术产业开发区蔡伦路10号,C 制造业
300217,东方电热,镇江东方电热科技股份有限公司,江苏省镇江市镇江新区大港五峰山路18号,C 制造业
300218,安利股份,安徽安利材料科技股份有限公司,安徽省合肥市经济技术开发区桃花工业园拓展区（繁华大道与创新大道交叉口）,C 制造业
300219,鸿利智汇,鸿利智汇集团股份有限公司,广东省广州市花都区花东镇先科一路1号,C 制造业
300220,金运激光,武汉金运激光股份有限公司,湖北省武汉市江岸区后湖街石桥一路3号3栋,C 制造业
300221,银禧科技,广东银禧科技股份有限公司,广东省东莞市虎门镇居岐村,C 制造业
300222,科大智能,科大智能科技股份有限公司,中国（上海）自由贸易试验区碧波路456号A203室,C 制造业
300223,北京君正,北京君正集成电路股份有限公司,北京市海淀区西北旺东路10号院东区14号楼一层A101-A113,C 制造业
300224,正海磁材,烟台正海磁性材料股份有限公司,山东省烟台经济技术开发区珠江路22号,C 制造业
300225,金力泰,上海金力泰化工股份有限公司,上海市奉贤区青村镇沿线公路2888号,C 制造业
300226,上海钢联,上海钢联电子商务股份有限公司,上海市宝山区园丰路68号,I 信息技术
300227,光韵达,深圳光韵达光电科技股份有限公司,广东省深圳市南山区高新区北区朗山路13号清华紫光科技园C座1层,C 制造业
300228,富瑞特装,张家港富瑞特种装备股份有限公司,江苏省张家港市杨舍镇晨新路19号,C 制造业
300229,拓尔思,拓尔思信息技术股份有限公司,北京市海淀区知春路6号(锦秋国际大厦)14层14B04,I 信息技术
300230,永利股份,上海永利带业股份有限公司,上海市青浦区徐泾镇徐旺路58号,C 制造业
300231,银信科技,北京银信长远科技股份有限公司,北京市海淀区苏州街29号维亚大厦12层071室,I 信息技术
300232,洲明科技,深圳市洲明科技股份有限公司,广东省深圳市宝安区福永街道桥头社区永福路112号A栋,C 制造业
300233,金城医药,山东金城医药集团股份有限公司,山东省淄博市淄川经济开发区双山路1号,C 制造业
300234,开尔新材,浙江开尔新材料股份有限公司,浙江省金华市金义都市经济开发区广顺街333号,C 制造业
300235,方直科技,深圳市方直科技股份有限公司,广东省深圳市南山区南头街道马家龙社区大新路198号创新大厦B栋901,I 信息技术
300236,上海新阳,上海新阳半导体材料股份有限公司,上海市松江区思贤路3600号,C 制造业
300237,美晨生态,山东美晨生态环境股份有限公司,山东省潍坊市诸城市密州东路12001号,E 建筑业
300238,冠昊生物,冠昊生物科技股份有限公司,广东省广州市黄埔区玉岩路12号,C 制造业
300239,东宝生物,包头东宝生物技术股份有限公司,内蒙古自治区包头市稀土高新技术产业开发区黄河大街46号,C 制造业
300240,飞力达,江苏飞力达国际物流股份有限公司,江苏省昆山开发区,G 运输仓储
300241,瑞丰光电,深圳市瑞丰光电子股份有限公司,广东省深圳市光明新区公明办事处田寮社区第十工业区1栋六楼,C 制造业
300242,佳云科技,广东佳兆业佳云科技股份有限公司,广东省东莞市横沥镇村头村工业区,I 信息技术
300243,瑞丰高材,山东瑞丰高分子材料股份有限公司,山东省沂源县经济开发区,C 制造业
300244,迪安诊断,迪安诊断技术集团股份有限公司,浙江省杭州市西湖区金蓬街329号2幢5层,Q 卫生
300245,天玑科技,上海天玑科技股份有限公司,上海市青浦区清河湾路1200号1008室,I 信息技术
300246,宝莱特,广东宝莱特医用科技股份有限公司,广东省珠海市高新区科技创新海岸创新一路2号,C 制造业
300247,融捷健康,融捷健康科技股份有限公司,安徽省合肥市长江西路669号AJ-9地块,C 制造业
300248,新开普,新开普电子股份有限公司,河南省郑州市高新技术产业开发区迎春街18号,I 信息技术
300249,依米康,依米康科技集团股份有限公司,四川省成都高新区科园南二路二号,I 信息技术
300250,初灵信息,杭州初灵信息技术股份有限公司,浙江省杭州市滨江区西兴街道物联网街259号,I 信息技术
300251,光线传媒,北京光线传媒股份有限公司,北京市东城区和平里东街11号37号楼11105号,R 文化传播
300252,金信诺,深圳金信诺高新技术股份有限公司,广东省深圳市南山区粤海街道高新区社区高新南九道10号深圳湾科技生态园10栋B座26层,C 制造业
300253,卫宁健康,卫宁健康科技集团股份有限公司,上海市浦东新区东育路255弄4号3楼B29,I 信息技术
300254,仟源医药,山西仟源医药集团股份有限公司,山西省大同市经济技术开发区湖滨大街53号,C 制造业
300255,常山药业,河北常山生化药业股份有限公司,中国（河北）自由贸易试验区正定片区正定县高新技术产业开发区南区梦龙街71号,C 制造业
300256,星星科技,浙江星星科技股份有限公司,浙江省台州市椒江区洪家星星电子产业基地4号楼,C 制造业
300257,开山股份,浙江开山压缩机股份有限公司,浙江省衢州市经济开发区凯旋西路9号,C 制造业
300258,精锻科技,江苏太平洋精锻科技股份有限公司,江苏省泰州市姜堰区姜堰大道91号,C 制造业
300259,新天科技,新天科技股份有限公司,河南省郑州高新技术产业开发区红松路252号,C 制造业
300260,新莱应材,昆山新莱洁净应用材料股份有限公司,江苏省昆山市陆家镇陆丰西路22号,C 制造业
300261,雅本化学,雅本化学股份有限公司,江苏省太仓市太仓港港口开发区石化区东方东路18号,C 制造业
300262,巴安水务,上海巴安水务股份有限公司,上海市青浦区章练塘路666号,N 公共环保
300263,隆华科技,隆华科技集团（洛阳）股份有限公司,河南省洛阳市空港产业集聚区,C 制造业
300264,佳创视讯,深圳市佳创视讯技术股份有限公司,广东省深圳市光明新区观光路招商局光明科技园A3栋C208单元,I 信息技术
300265,通光线缆,江苏通光电子线缆股份有限公司,江苏省海门市海门镇渤海路169号,C 制造业
300266,兴源环境,兴源环境科技股份有限公司,浙江省杭州市余杭区杭州余杭经济技术开发区望梅路1588号,N 公共环保
300267,尔康制药,湖南尔康制药股份有限公司,湖南省长沙市浏阳经济技术开发区康平路167号,C 制造业
300268,佳沃股份,佳沃农业开发股份有限公司,湖南省常德市桃源县陬市镇桂花路1号,C 制造业
300269,联建光电,深圳市联建光电股份有限公司,广东省深圳市宝安区68区留仙三路安通达工业厂区四号厂房2楼,L 商务服务
300270,中威电子,杭州中威电子股份有限公司,浙江省杭州市滨江区西兴路1819号中威大厦15-20层,C 制造业
300271,华宇软件,北京华宇软件股份有限公司,北京市海淀区中关村东路1号院清华科技园科技大厦C座25层,I 信息技术
300272,开能健康,开能健康科技集团股份有限公司,上海浦东新区川沙镇川大路508、518号,C 制造业
300273,和佳医疗,珠海和佳医疗设备股份有限公司,广东省珠海市香洲区宝盛路5号,C 制造业
300274,阳光电源,阳光电源股份有限公司,安徽省合肥市高新区习友路1699号,C 制造业
300275,梅安森,重庆梅安森科技股份有限公司,重庆市九龙坡区二郞创业路105号高科创业园C2区6层,I 信息技术
300276,三丰智能,三丰智能装备集团股份有限公司,湖北省黄石市黄石经济技术开发区黄金山工业新区金山大道398号,C 制造业
300277,海联讯,深圳海联讯科技股份有限公司,广东省深圳市南山区深南大道市高新技术园R2厂房B区3a层,I 信息技术
300278,华昌达,华昌达智能装备集团股份有限公司,湖北省十堰市东益大道9号,C 制造业
300279,和晶科技,无锡和晶科技股份有限公司,江苏省无锡新区长江东路177号,C 制造业
300280,紫天科技,江苏紫天传媒科技股份有限公司,江苏省南通市如皋经济开发区锻压产业园区内,C 制造业
300281,金明精机,广东金明精机股份有限公司,广东省汕头市濠江区纺织工业园,C 制造业
300282,三盛教育,三盛智慧教育科技股份有限公司,北京市海淀区西北旺东路10号院东区21号楼6层101-601,C 制造业
300283,温州宏丰,温州宏丰电工合金股份有限公司,浙江省乐清市北白象镇大桥工业区塘下片区,C 制造业
300284,苏交科,苏交科集团股份有限公司,江苏省南京市水西门大街223号,M 科研服务
300285,国瓷材料,山东国瓷功能材料股份有限公司,山东省东营市东营区辽河路24号,C 制造业
300286,安科瑞,安科瑞电气股份有限公司,上海市嘉定区育绿路253号,C 制造业
300287,飞利信,北京飞利信科技股份有限公司,北京市海淀区塔院志新村2号金唐酒店3层3078,I 信息技术
300288,朗玛信息,贵阳朗玛信息技术股份有限公司,贵州省贵阳市高新金阳科技产业园长岭南路31号(国家数字内容产业园二楼),I 信息技术
300289,利德曼,北京利德曼生化股份有限公司,北京市北京经济技术开发区兴海路5号,C 制造业
300290,荣科科技,荣科科技股份有限公司,辽宁省沈阳经济技术开发区开发大路7甲3号,I 信息技术
300291,华录百纳,北京华录百纳影视股份有限公司,北京市石景山区八大处高科技园区西井路3号3号楼5365房间,R 文化传播
300292,吴通控股,吴通控股集团股份有限公司,江苏省苏州市相城经济开发区漕湖街道太东路2596号,I 信息技术
300293,蓝英装备,沈阳蓝英工业自动化装备股份有限公司,辽宁省沈阳市浑南产业区东区飞云路3号,C 制造业
300294,博雅生物,博雅生物制药集团股份有限公司,江西省抚州市高新技术产业开发区惠泉路333号,C 制造业
300295,三六五网,江苏三六五网络股份有限公司,江苏省南京市六合区龙池街道新东路,I 信息技术
300296,利亚德,利亚德光电股份有限公司,北京市海淀区颐和园北正红旗西街9号,C 制造业
300297,蓝盾股份,蓝盾信息安全技术股份有限公司,广东省广州市天河区天慧路16号,I 信息技术
300298,三诺生物,三诺生物传感股份有限公司,湖南省长沙高新技术产业开发区谷苑路265号,C 制造业
300299,富春股份,富春科技股份有限公司,福建省福州市鼓楼区铜盘路软件大道89号C区25号楼,I 信息技术
300300,汉鼎宇佑,汉鼎宇佑互联网股份有限公司,浙江省杭州市下城区永福桥路5号汉鼎国际大厦南楼1101室,I 信息技术
300301,长方集团,深圳市长方集团股份有限公司,广东省深圳市坪山新区深圳大工业区聚龙山3号路,C 制造业
300302,同有科技,北京同有飞骥科技股份有限公司,北京市海淀区地锦路9号院2号楼-1至4层101,I 信息技术
300303,聚飞光电,深圳市聚飞光电股份有限公司,广东省深圳市龙岗区平湖街道鹅公岭社区鹅岭工业区4号,C 制造业
300304,云意电气,江苏云意电气股份有限公司,江苏省徐州市铜山经济开发区黄山路26号,C 制造业
300305,裕兴股份,江苏裕兴薄膜科技股份有限公司,中国江苏常州钟楼开发区童子河西路8-8号,C 制造业
300306,远方信息,杭州远方光电信息股份有限公司,浙江省杭州市滨江区滨康路669号1号楼,C 制造业
300307,慈星股份,宁波慈星股份有限公司,浙江省慈溪市白沙路街道华东轻纺针织城三期6号楼,C 制造业
300308,中际旭创,中际旭创股份有限公司,山东省龙口市诸由观镇驻地,C 制造业
300309,吉艾科技,吉艾科技集团股份公司,北京市丰台区海鹰路1号院2号楼2层201室,J 金融业
300310,宜通世纪,宜通世纪科技股份有限公司,广东省广州市天河区科韵路16号自编1栋1201,I 信息技术
300311,任子行,任子行网络技术股份有限公司,广东省深圳市南山区高新区科技中2路软件园2栋6楼,I 信息技术
300312,邦讯技术,邦讯技术股份有限公司,北京市海淀区杏石口路80号益园文化创意产业基地A区4号楼一层,I 信息技术
300313,天山生物,新疆天山畜牧生物工程股份有限公司,新疆维吾尔自治区昌吉市高新区光明南路1号,A 农林牧渔
300314,戴维医疗,宁波戴维医疗器械股份有限公司,浙江省宁波市象山县石浦科技园区科苑路2号,C 制造业
300315,掌趣科技,北京掌趣科技股份有限公司,北京市海淀区中关村奥北科技园领智中心北楼9层901(东升地区),I 信息技术
300316,晶盛机电,浙江晶盛机电股份有限公司,浙江省绍兴市上虞区通江西路218号,C 制造业
300317,珈伟新能,珈伟新能源股份有限公司,广东省深圳市龙岗区坪地街道中心社区新发工业区1、2、3、4号,C 制造业
300318,博晖创新,北京博晖创新生物技术股份有限公司,北京市昌平区生命园路9号院,C 制造业
300319,麦捷科技,深圳市麦捷微电子科技股份有限公司,广东省深圳市坪山区坑梓街道新乔围工业区新发路5号,C 制造业
300320,海达股份,江阴海达橡塑股份有限公司,江苏省江阴市周庄镇云顾路585号,C 制造业
300321,同大股份,山东同大海岛新材料股份有限公司,山东省昌邑市同大街522号,C 制造业
300322,硕贝德,惠州硕贝德无线科技股份有限公司,广东省惠州市东江高新区上霞片区SX-01-02号,C 制造业
300323,华灿光电,华灿光电股份有限公司,湖北省武汉市东湖开发区滨湖路8号,C 制造业
300324,旋极信息,北京旋极信息技术股份有限公司,北京市海淀区丰秀中路3号院12号楼-1至5层101,I 信息技术
300325,德威新材,江苏德威新材料股份有限公司,江苏省太仓市沙溪镇东市街133号,C 制造业
300326,凯利泰,上海凯利泰医疗科技股份有限公司,上海市张江高科技园东区瑞庆路528号23幢2楼,C 制造业
300327,中颖电子,中颖电子股份有限公司,上海市长宁区临空经济园区金钟路767弄3号,C 制造业
300328,宜安科技,东莞宜安科技股份有限公司,广东省东莞市清溪镇银泉工业区,C 制造业
300329,海伦钢琴,海伦钢琴股份有限公司,浙江省宁波市北仑区龙潭山路36号,C 制造业
300330,华虹计通,上海华虹计通智能系统股份有限公司,上海市长宁区广顺路33号H栋3-4F,I 信息技术
300331,苏大维格,苏州苏大维格科技集团股份有限公司,江苏省苏州工业园区苏虹东路北钟南街478号；新昌路68号；双泾街59号三号厂房,C 制造业
300332,天壕环境,天壕环境股份有限公司,北京市海淀区西直门北大街32号枫蓝国际中心2号楼906室,D 水电煤气
300333,兆日科技,深圳兆日科技股份有限公司,广东省深圳市福田区泰然八路泰然大厦C座1605,I 信息技术
300334,津膜科技,天津膜天膜科技股份有限公司,天津市经济技术开发区第11大街60号,C 制造业
300335,迪森股份,广州迪森热能技术股份有限公司,广东省广州市经济开发区东区东众路42号,D 水电煤气
300336,新文化,上海新文化传媒集团股份有限公司,上海市虹口区东江湾路444号北区238室,R 文化传播
300337,银邦股份,银邦金属复合材料股份有限公司,江苏省无锡市新区鸿山街道后宅,C 制造业
300338,开元股份,长沙开元仪器股份有限公司,湖南省长沙市经济技术开发区开元路172号,P 教育
300339,润和软件,江苏润和软件股份有限公司,江苏省南京市雨花台区软件大道168号,I 信息技术
300340,科恒股份,江门市科恒实业股份有限公司,广东省江门市江海区滘头滘兴南路22号,C 制造业
300341,麦克奥迪,麦克奥迪（厦门）电气股份有限公司,福建省厦门市火炬高新区(翔安)产业区舫山南路808号,C 制造业
300342,天银机电,常熟市天银机电股份有限公司,江苏省苏州市常熟碧溪新区迎宾路8号,C 制造业
300343,联创股份,山东联创产业发展集团股份有限公司,山东省淄博市张店区东部化工区昌国东路219号,I 信息技术
300344,太空智造,太空智造股份有限公司,北京市丰台区中核路3号院3号楼12层1201室,L 商务服务
300345,红宇新材,湖南红宇耐磨新材料股份有限公司,湖南省长沙市金洲新区金沙西路068号,C 制造业
300346,南大光电,江苏南大光电材料股份有限公司,江苏省苏州工业园区胜浦平胜路67号,C 制造业
300347,泰格医药,杭州泰格医药科技股份有限公司,浙江省杭州市滨江区江南大道618号东冠大厦1502-1,Q 卫生
300348,长亮科技,深圳市长亮科技股份有限公司,广东省深圳市南山区粤海街道沙河西路深圳湾科技生态园一区2栋A座5层,I 信息技术
300349,金卡智能,金卡智能集团股份有限公司,浙江省温州市乐清经济开发区纬十七路291号,I 信息技术
300350,华鹏飞,华鹏飞股份有限公司,广东省深圳市福田区华富街道莲花一村社区皇岗路5001号深业上城（南区）T2栋4308,I 信息技术
300351,永贵电器,浙江永贵电器股份有限公司,浙江省天台县白鹤镇东园路5号（西工业区）,C 制造业
300352,北信源,北京北信源软件股份有限公司,北京市海淀区中关村南大街34号中关村科技发展大厦C座1602室,I 信息技术
300353,东土科技,北京东土科技股份有限公司,北京市石景山区实兴大街30号院2号楼8层901,C 制造业
300354,东华测试,江苏东华测试技术股份有限公司,江苏省靖江市新港大道208号（沿江公路罗家港桥东北侧）,C 制造业
300355,蒙草生态,内蒙古蒙草生态环境（集团）股份有限公司,内蒙古自治区呼和浩特市盛乐经济园区盛乐五街南侧,N 公共环保
300356,光一科技,光一科技股份有限公司,江苏省南京市江宁区将军大道128号,C 制造业
300357,我武生物,浙江我武生物科技股份有限公司,浙江省湖州市德清县武康镇志远北路636号,C 制造业
300358,楚天科技,楚天科技股份有限公司,湖南省长沙市宁乡县玉潭镇新康路1号,C 制造业
300359,全通教育,全通教育集团（广东）股份有限公司,广东省中山市东区中山四路88号尚峰金融商务中心5座18层之一,I 信息技术
300360,炬华科技,杭州炬华科技股份有限公司,浙江省杭州市余杭区仓前街道龙潭路9号,C 制造业
300362,天翔环境,成都天翔环境股份有限公司,四川省成都市青白江区大同路188号,C 制造业
300363,博腾股份,重庆博腾制药科技股份有限公司,重庆市(长寿)化工园区精细化工一区,C 制造业
300364,中文在线,中文在线数字出版集团股份有限公司,北京市东城区安定门东大街28号2号楼6层608号,R 文化传播
300365,恒华科技,北京恒华伟业科技股份有限公司,北京市西城区德胜门东滨河路11号4号楼3层,I 信息技术
300366,创意信息,创意信息技术股份有限公司,四川省成都市青羊区万和路99号丽阳天下7-9室,I 信息技术
300367,东方网力,东方网力科技股份有限公司,北京市海淀区学院路35号世宁大厦4层408室,C 制造业
300368,汇金股份,河北汇金机电股份有限公司,河北省石家庄市高新区湘江道209号,C 制造业
300369,绿盟科技,绿盟科技集团股份有限公司,北京市海淀区北洼路4号益泰大厦5层,I 信息技术
300370,安控科技,北京安控科技股份有限公司,北京市海淀区地锦路9号院6号楼,C 制造业
300371,汇中股份,汇中仪表股份有限公司,河北省唐山高新技术产业开发区高新西道126号,C 制造业
300373,扬杰科技,扬州扬杰电子科技股份有限公司,江苏省扬州维扬经济开发区,C 制造业
300374,恒通科技,北京恒通创新赛木科技股份有限公司,北京市房山区窦店镇普安路87号,C 制造业
300375,鹏翎股份,天津鹏翎集团股份有限公司,天津市滨海新区中塘工业区葛万公路1703号,C 制造业
300376,易事特,易事特集团股份有限公司,广东省东莞市松山湖科技产业园区工业北路6号,C 制造业
300377,赢时胜,深圳市赢时胜信息技术股份有限公司,广东省深圳市福田区华富街道莲花一村社区皇岗路5001号深业上城南区T2栋3701,I 信息技术
300378,鼎捷软件,鼎捷软件股份有限公司,上海市静安区江场路1377弄7号20层,I 信息技术
300379,东方通,北京东方通科技股份有限公司,北京市丰台区丰台路口139号主楼311室(园区),I 信息技术
300380,安硕信息,上海安硕信息技术股份有限公司,上海市杨浦区国泰路11号2308室,I 信息技术
300381,溢多利,广东溢多利生物科技股份有限公司,广东省珠海市南屏高科技工业区屏北一路8号,C 制造业
300382,斯莱克,苏州斯莱克精密设备股份有限公司,江苏省苏州市吴中区胥口镇石胥路621号,C 制造业
300383,光环新网,北京光环新网科技股份有限公司,北京门头沟区石龙经济技术开发区永安路20号3号楼二层202室,I 信息技术
300384,三联虹普,北京三联虹普新合纤技术服务股份有限公司,北京市海淀区北清路68号院1号楼二层西侧01227-01302,M 科研服务
300385,雪浪环境,无锡雪浪环境科技股份有限公司,江苏省无锡市滨湖区蠡湖大道2020号,C 制造业
300386,飞天诚信,飞天诚信科技股份有限公司,北京市海淀区学清路9号汇智大厦B楼17层,I 信息技术
300387,富邦股份,湖北富邦科技股份有限公司,湖北省应城市经济技术开发区,C 制造业
300388,国祯环保,安徽国祯环保节能科技股份有限公司,安徽省合肥市高新技术产业开发区科学大道91号,N 公共环保
300389,艾比森,深圳市艾比森光电股份有限公司,广东省深圳市龙岗区坂田街道雪岗路2018号天安云谷产业园一期3栋A座18、19、20层,C 制造业
300390,天华超净,苏州天华超净科技股份有限公司,江苏省苏州工业园区双马街99号,C 制造业
300391,康跃科技,康跃科技股份有限公司,山东省潍坊市寿光市开发区（原北洛镇政府驻地）,C 制造业
300392,腾信股份,北京腾信创新网络营销技术股份有限公司,北京市朝阳区光华路15号院1号楼14层1401,I 信息技术
300393,中来股份,苏州中来光伏新材股份有限公司,江苏省常熟市沙家浜镇常昆工业园区青年路,C 制造业
300394,天孚通信,苏州天孚光通信股份有限公司,江苏省苏州高新区长江路695号,C 制造业
300395,菲利华,湖北菲利华石英玻璃股份有限公司,湖北省荆州市东方大道68号,C 制造业
300396,迪瑞医疗,迪瑞医疗科技股份有限公司,吉林省长春市高新技术产业开发区云河街95号,C 制造业
300397,天和防务,西安天和防务技术股份有限公司,陕西省西安市高新区西部大道158号,C 制造业
300398,飞凯材料,上海飞凯光电材料股份有限公司,上海市宝山区潘泾路2999号,C 制造业
300399,京天利,北京无线天利移动信息技术股份有限公司,北京市石景山区实兴大街30号院6号楼901室,I 信息技术
300400,劲拓股份,深圳市劲拓自动化设备股份有限公司,广东省深圳市宝安区西乡街道广深高速公路北侧鹤洲工业区劲拓自动化工业厂区,C 制造业
300401,花园生物,浙江花园生物高科股份有限公司,浙江省东阳市南马镇花园村,C 制造业
300402,宝色股份,南京宝色股份公司,江苏省南京市江宁滨江经济开发区景明大街15号,C 制造业
300403,汉宇集团,汉宇集团股份有限公司,广东省江门市高新技术开发区清澜路336号,C 制造业
300404,博济医药,广州博济医药生物技术股份有限公司,广东省广州市天河区华观路1933号701房,M 科研服务
300405,科隆股份,辽宁科隆精细化工股份有限公司,辽宁省辽阳市宏伟区万和七路36号,C 制造业
300406,九强生物,北京九强生物技术股份有限公司,北京市海淀区花园东路15号旷怡大厦5层,C 制造业
300407,凯发电气,天津凯发电气股份有限公司,天津市新产业园区华苑产业区物华道8号,C 制造业
300408,三环集团,潮州三环（集团）股份有限公司,广东省潮州市凤塘三环工业城内综合楼,C 制造业
300409,道氏技术,广东道氏技术股份有限公司,广东省恩平市圣堂镇三联佛仔坳,C 制造业
300410,正业科技,广东正业科技股份有限公司,广东省东莞市松山湖科技产业园区科技九路2号,C 制造业
300411,金盾股份,浙江金盾风机股份有限公司,浙江省绍兴市上虞区章镇镇工业园区,C 制造业
300412,迦南科技,浙江迦南科技股份有限公司,浙江省温州市永嘉县瓯北镇东瓯工业园区,C 制造业
300413,芒果超媒,芒果超媒股份有限公司,湖南省长沙市开福区金鹰影视文化城,R 文化传播
300414,中光防雷,四川中光防雷科技股份有限公司,四川省成都高新区西部园区天宇路19号,C 制造业
300415,伊之密,广东伊之密精密机械股份有限公司,广东省佛山市顺德高新区（容桂）科苑三路22号,C 制造业
300416,苏试试验,苏州苏试试验集团股份有限公司,江苏省苏州工业园区中新科技城唯亭镇科峰路18号,C 制造业
300417,南华仪器,佛山市南华仪器股份有限公司,广东省佛山市南海区桂城街道科泓路1号,C 制造业
300418,昆仑万维,北京昆仑万维科技股份有限公司,北京市海淀区知春路118号知春大厦B座605E,I 信息技术
300419,浩丰科技,北京浩丰创源科技股份有限公司,北京市海淀区远大路39号1号楼7层703-7号,I 信息技术
300420,五洋停车,江苏五洋停车产业集团股份有限公司,江苏省徐州市铜山新区银山路东、珠江路北,C 制造业
300421,力星股份,江苏力星通用钢球股份有限公司,江苏省如皋市如城街道兴源大道68号,C 制造业
300422,博世科,广西博世科环保科技股份有限公司,广西壮族自治区南宁市高新区科兴路12号,N 公共环保
300423,鲁亿通,山东鲁亿通智能电气股份有限公司,山东省莱阳市龙门西路256号,C 制造业
300424,航新科技,广州航新航空科技股份有限公司,广东省广州市经济技术开发区科学城光宝路1号,C 制造业
300425,中建环能,中建环能科技股份有限公司,四川省成都市武侯区武兴一路3号,C 制造业
300426,唐德影视,浙江唐德影视股份有限公司,浙江省横店影视产业实验区C3-028,R 文化传播
300427,红相股份,红相股份有限公司,福建省厦门市思明区南投路3号1002单元之一,C 制造业
300428,四通新材,河北四通新型金属材料股份有限公司,河北省保定市清苑县发展西街359号,C 制造业
300429,强力新材,常州强力电子新材料股份有限公司,江苏省常州市武进区遥观镇钱家工业园,C 制造业
300430,诚益通,北京诚益通控制工程科技股份有限公司,北京市大兴区中关村科技园区大兴生物医药产业基地永大路38号6幢4层418室,C 制造业
300431,暴风集团,暴风集团股份有限公司,北京市石景山区实兴大街30号院3号楼2层D-1067房间,I 信息技术
300432,富临精工,绵阳富临精工机械股份有限公司,四川省绵阳市经开区板桥街268号,C 制造业
300433,蓝思科技,蓝思科技股份有限公司,湖南省浏阳生物医药园,C 制造业
300434,金石亚药,四川金石亚洲医药股份有限公司,四川省成都市双流县九江镇万家社区,C 制造业
300435,中泰股份,杭州中泰深冷技术股份有限公司,浙江省杭州市富阳区东洲街道高尔夫路228号,D 水电煤气
300436,广生堂,福建广生堂药业股份有限公司,福建省柘荣县东源乡富源工业区,C 制造业
300437,清水源,河南清水源科技股份有限公司,河南省济源市轵城镇207国道东侧正兴玉米公司北邻,C 制造业
300438,鹏辉能源,广州鹏辉能源科技股份有限公司,广东省广州市番禺区沙湾镇市良路(西村段)912号,C 制造业
300439,美康生物,美康生物科技股份有限公司,浙江省宁波市鄞州区启明南路299号,C 制造业
300440,运达科技,成都运达科技股份有限公司,四川省成都高新区新达路11号,I 信息技术
300441,鲍斯股份,宁波鲍斯能源装备股份有限公司,浙江省宁波市奉化区西坞街道尚桥路18号,C 制造业
300442,普丽盛,上海普丽盛包装股份有限公司,上海市金山区张堰镇金张支路84号26幢,C 制造业
300443,金雷股份,金雷科技股份公司,山东省济南市钢城区双元大街18号,C 制造业
300444,双杰电气,北京双杰电气股份有限公司,北京市海淀区上地三街9号D座1111,C 制造业
300445,康斯特,北京康斯特仪表科技股份有限公司,北京市海淀区丰秀中路3号院5号楼,C 制造业
300446,乐凯新材,保定乐凯新材料股份有限公司,河北省保定市和润路569号,C 制造业
300447,全信股份,南京全信传输科技股份有限公司,江苏省南京市鼓楼区汉中门大街301号01幢12层,C 制造业
300448,浩云科技,浩云科技股份有限公司,广东省广州市番禺区东环街番禺大道北555号天安总部中心22号楼102房,I 信息技术
300449,汉邦高科,北京汉邦高科数字技术股份有限公司,北京市海淀区地锦路9号院13号楼四层101-413,C 制造业
300450,先导智能,无锡先导智能装备股份有限公司,江苏省无锡国家高新技术产业开发区新锡路20号,C 制造业
300451,创业慧康,创业慧康科技股份有限公司,浙江省杭州市滨江区长河街道越达巷92号创业智慧大厦五楼,I 信息技术
300452,山河药辅,安徽山河药用辅料股份有限公司,安徽省淮南经济技术开发区,C 制造业
300453,三鑫医疗,江西三鑫医疗科技股份有限公司,江西省南昌县小蓝经济开发区富山大道999号,C 制造业
300454,深信服,深信服科技股份有限公司,广东省深圳市南山区学苑大道1001号南山智园A1栋一层,I 信息技术
300455,康拓红外,北京康拓红外技术股份有限公司,北京市海淀区知春路61号9层,C 制造业
300456,赛微电子,北京赛微电子股份有限公司,北京市西城区裕民路18号北环中心A座2607室（德胜园区）,C 制造业
300457,赢合科技,深圳市赢合科技股份有限公司,广东省深圳市光明区观光路3009号招商局光明科技园A2栋1002A,C 制造业
300458,全志科技,珠海全志科技股份有限公司,广东省珠海市高新区唐家湾镇科技二路9号,C 制造业
300459,金科文化,浙江金科文化产业股份有限公司,浙江省杭州湾上虞经济技术开发区,I 信息技术
300460,惠伦晶体,广东惠伦晶体科技股份有限公司,广东省东莞市黄江镇东环路鸡啼岗段36号,C 制造业
300461,田中精机,浙江田中精机股份有限公司,浙江省嘉善县姚庄镇新景路398号,C 制造业
300462,华铭智能,上海华铭智能终端设备股份有限公司,上海市松江区茸北工业区施惠路北侧,C 制造业
300463,迈克生物,迈克生物股份有限公司,四川省成都市高新区百川路16号,C 制造业
300464,星徽精密,广东星徽精密制造股份有限公司,广东省佛山市顺德区北滘镇北滘社区居民委员会科业路3号,F 批发零售
300465,高伟达,高伟达软件股份有限公司,北京市海淀区大慧寺8号北区20栋604房间,I 信息技术
300466,赛摩智能,赛摩智能科技集团股份有限公司,江苏省徐州经济技术开发区螺山路2号,C 制造业
300467,迅游科技,四川迅游网络科技股份有限公司,中国（四川）自由贸易试验区成都高新区世纪城南路599号7栋6、7层,I 信息技术
300468,四方精创,深圳四方精创资讯股份有限公司,广东省深圳市南山区科技中二路深圳科技园12#楼402、深圳软件园（2期）13栋302室,I 信息技术
300469,信息发展,上海中信信息发展股份有限公司,上海市静安区昌平路710号302室,I 信息技术
300470,中密控股,中密控股股份有限公司,四川省成都市武侯区武科西四路八号,C 制造业
300471,厚普股份,厚普清洁能源股份有限公司,四川省成都市高新区世纪城南路599号6栋11层3号,C 制造业
300472,新元科技,万向新元科技股份有限公司,江西省抚州市临川区才都工业园区科技园路666号临川高新科技产业园办公楼,C 制造业
300473,德尔股份,阜新德尔汽车部件股份有限公司,辽宁省阜新市经济开发区E路55号,C 制造业
300474,景嘉微,长沙景嘉微电子股份有限公司,湖南省长沙高新开发区麓谷麓景路2号,C 制造业
300475,聚隆科技,安徽聚隆传动科技股份有限公司,安徽省宣城宁国经济技术开发区创业北路16号,C 制造业
300476,胜宏科技,胜宏科技（惠州）股份有限公司,广东省惠州市惠阳区淡水镇新桥村行诚科技园,C 制造业
300477,合纵科技,北京合纵科技股份有限公司,北京市海淀区上地三街9号(嘉华大厦)D座1211、1212,C 制造业
300478,杭州高新,杭州高新橡塑材料股份有限公司,浙江省杭州市余杭区径山镇后村桥路3号,C 制造业
300479,神思电子,神思电子技术股份有限公司,山东省济南市高新区舜华西路699号,C 制造业
300480,光力科技,光力科技股份有限公司,河南省郑州高新开发区长椿路10号,C 制造业
300481,濮阳惠成,濮阳惠成电子材料股份有限公司,河南省濮阳市胜利路西段,C 制造业
300482,万孚生物,广州万孚生物技术股份有限公司,广东省广州市萝岗区科学城荔枝山路8号,C 制造业
300483,沃施股份,上海沃施园艺股份有限公司,上海市闵行区元江路5000号,B 采矿业
300484,蓝海华腾,深圳市蓝海华腾技术股份有限公司,广东省深圳市光明区玉塘街道田寮社区光明高新园区东侧七号路中科诺数字科技工业园厂房301、401、1101,C 制造业
300485,赛升药业,北京赛升药业股份有限公司,北京市北京经济技术开发区兴盛街8号,C 制造业
300486,东杰智能,山西东杰智能物流装备股份有限公司,山西省太原市尖草坪区新兰路51号,C 制造业
300487,蓝晓科技,西安蓝晓科技新材料股份有限公司,陕西省西安市高新开发区锦业路135号,C 制造业
300488,恒锋工具,恒锋工具股份有限公司,浙江省嘉兴市海盐县武原街道海兴东路68号,C 制造业
300489,中飞股份,哈尔滨中飞新技术股份有限公司,黑龙江省哈尔滨市哈南工业新城核心区哈南第八大道5号,C 制造业
300490,华自科技,华自科技股份有限公司,湖南省长沙高新开发区麓谷麓松路609号,C 制造业
300491,通合科技,石家庄通合电子科技股份有限公司,河北省石家庄高新区漓江道350号,C 制造业
300492,华图山鼎,华图山鼎设计股份有限公司,四川省成都市锦江区东大街芷泉段6号1栋1单元37层8号,M 科研服务
300493,润欣科技,上海润欣科技股份有限公司,上海市徐汇区田林路200号A号楼301室,I 信息技术
300494,盛天网络,湖北盛天网络技术股份有限公司,湖北省武汉市东湖新技术开发区光谷大道77号金融港B7栋9-11楼,I 信息技术
300495,美尚生态,美尚生态景观股份有限公司,江苏省无锡市无锡（太湖）国际科技园大学科技园清源路兴业楼A栋518号,N 公共环保
300496,中科创达,中科创达软件股份有限公司,北京市海淀区清华东路9号创达大厦1层101-105室(东升地区),I 信息技术
300497,富祥药业,江西富祥药业股份有限公司,江西省景德镇市昌江区鱼丽工业区2号（鱼山与丽阳交界处）,C 制造业
300498,温氏股份,温氏食品集团股份有限公司,广东省云浮市新兴县新城镇东堤北路9号,A 农林牧渔
300499,高澜股份,广州高澜节能技术股份有限公司,广东省广州市高新技术产业开发区科学城南云五路3号,C 制造业
300500,启迪设计,启迪设计集团股份有限公司,江苏省苏州工业园区星海街9号,M 科研服务
300501,海顺新材,上海海顺新型药用包装材料股份有限公司,上海市松江区洞泾镇蔡家浜路18号,C 制造业
300502,新易盛,成都新易盛通信技术股份有限公司,四川省成都市高新区高朋大道21号1幢六楼,C 制造业
300503,昊志机电,广州市昊志机电股份有限公司,广东省广州经济技术开发区永和经济区江东街6号,C 制造业
300504,天邑股份,四川天邑康和通信股份有限公司,四川省大邑县晋原镇雪山大道一段198号,C 制造业
300505,川金诺,昆明川金诺化工股份有限公司,云南省昆明市东川区铜都镇四方地工业园区,C 制造业
300506,名家汇,深圳市名家汇科技股份有限公司,广东省深圳市南山区高新南九道10号深圳湾科技生态园10栋A座17-20层01-06号,E 建筑业
300507,苏奥传感,江苏奥力威传感高科股份有限公司,江苏省扬州高新技术产业开发区祥园路158号,C 制造业
300508,维宏股份,上海维宏电子科技股份有限公司,上海市闵行区颛兴东路1277弄29号四楼,I 信息技术
300509,新美星,江苏新美星包装机械股份有限公司,江苏省张家港经济开发区南区（新泾东路）,C 制造业
300510,金冠股份,吉林省金冠电气股份有限公司,吉林省长春市双阳经济开发区延寿路4号,C 制造业
300511,雪榕生物,上海雪榕生物科技股份有限公司,上海市奉贤区现代农业园区高丰路999号,A 农林牧渔
300512,中亚股份,杭州中亚机械股份有限公司,浙江省杭州市拱墅区方家埭路189号,C 制造业
300513,恒实科技,北京恒泰实达科技股份有限公司,北京市海淀区保福寺A区世纪科贸大厦C座1501号,I 信息技术
300514,友讯达,深圳友讯达科技股份有限公司,广东省深圳市南山区桃源街道光前工业区十七栋六楼,C 制造业
300515,三德科技,湖南三德科技股份有限公司,湖南省长沙高新开发区桐梓坡西路558号,C 制造业
300516,久之洋,湖北久之洋红外系统股份有限公司,湖北省武汉市江夏区庙山开发区明泽街9号,C 制造业
300517,海波重科,海波重型工程科技股份有限公司,湖北省武汉市江夏区郑店街黄金桥工业园6号,E 建筑业
300518,盛讯达,深圳市盛讯达科技股份有限公司,广东省深圳市福田区福田街道福安社区福华一路1号深圳大中华国际交易广场2501,I 信息技术
300519,新光药业,浙江新光药业股份有限公司,浙江省嵊州市剡湖街道环城西路25号,C 制造业
300520,科大国创,科大国创软件股份有限公司,安徽省合肥市高新区文曲路355号,I 信息技术
300521,爱司凯,爱司凯科技股份有限公司,广东省广州市黄埔区工业园红卫路15号,C 制造业
300522,世名科技,苏州世名科技股份有限公司,江苏省昆山市周市镇黄浦江北路219号,C 制造业
300523,辰安科技,北京辰安科技股份有限公司,北京市海淀区丰秀中路3号院1号楼-1至5层305,I 信息技术
300525,博思软件,福建博思软件股份有限公司,福建省闽侯县上街镇高新大道5号,I 信息技术
300526,中潜股份,中潜股份有限公司,广东省惠州市惠阳区新圩镇长布村,C 制造业
300527,中船应急,中国船舶重工集团应急预警与救援装备股份有限公司,湖北省武汉市江夏区庙山开发区阳光大道5号,C 制造业
300528,幸福蓝海,幸福蓝海影视文化集团股份有限公司,江苏省南京市栖霞区元化路8号28幢,R 文化传播
300529,健帆生物,健帆生物科技集团股份有限公司,广东省珠海市高新区科技六路98号,C 制造业
300530,达志科技,广东达志环保科技股份有限公司,广东省广州经济技术开发区永和经济区田园东路1号、2号,C 制造业
300531,优博讯,深圳市优博讯科技股份有限公司,广东省深圳市南山区粤海街道学府路63号高新区联合总部大厦36楼,C 制造业
300532,今天国际,深圳市今天国际物流技术股份有限公司,广东省深圳市罗湖区笋岗东路1002宝安广场A座10楼F、G、H,I 信息技术
300533,冰川网络,深圳冰川网络股份有限公司,广东省深圳市南山区科技中二路1号深圳软件园（2期）9栋601、602室,I 信息技术
300534,陇神戎发,甘肃陇神戎发药业股份有限公司,甘肃省兰州市榆中县定远镇国防路10号,C 制造业
300535,达威股份,四川达威科技股份有限公司,四川省成都市新津县五津镇希望路555号,C 制造业
300536,农尚环境,武汉农尚环境股份有限公司,湖北省武汉市江岸区九运大厦23层C座1-3室,E 建筑业
300537,广信材料,江苏广信感光新材料股份有限公司,江苏省江阴市青阳镇工业集中区华澄路18号,C 制造业
300538,同益股份,深圳市同益实业股份有限公司,广东省深圳市宝安区新安街道海旺社区N12区新湖路99号壹方中心北区三期A塔1001,F 批发零售
300539,横河模具,宁波横河模具股份有限公司,浙江省慈溪市新兴产业集群区宗汉街道新兴大道588号,C 制造业
300540,深冷股份,成都深冷液化设备股份有限公司,四川省成都市郫都区成都现代工业港北片区港北四路335号,C 制造业
300541,先进数通,北京先进数通信息技术股份公司,北京市海淀区车道沟一号滨河大厦D座六层,I 信息技术
300542,新晨科技,新晨科技股份有限公司,北京市海淀区蓝靛厂东路2号院金源时代商务中心2号楼B座8层,I 信息技术
300543,朗科智能,深圳市朗科智能电气股份有限公司,广东省深圳市宝安区石岩街道上屋社区爱群路同富裕工业区8-4#厂房5层,C 制造业
300545,联得装备,深圳市联得自动化装备股份有限公司,广东省深圳市龙华区大浪街道大浪社区同富邨工业园A区3栋1-4层,C 制造业
300546,雄帝科技,深圳市雄帝科技股份有限公司,广东省深圳市南山区粤海街道深圳市软件产业基地1栋C座9层,C 制造业
300547,川环科技,四川川环科技股份有限公司,四川省大竹县东柳工业园区,C 制造业
300548,博创科技,博创科技股份有限公司,浙江省嘉兴市南湖区亚太路306号1号楼,C 制造业
300549,优德精密,优德精密工业（昆山）股份有限公司,江苏省昆山高科技工业园北门路3168号,C 制造业
300550,和仁科技,浙江和仁科技股份有限公司,浙江省杭州市滨江区西兴街道新联路625号,I 信息技术
300551,古鳌科技,上海古鳌电子科技股份有限公司,上海市普陀区同普路1225弄6号,C 制造业
300552,万集科技,北京万集科技股份有限公司,北京市海淀区中关村软件园12号楼A区,I 信息技术
300553,集智股份,杭州集智机电股份有限公司,浙江省杭州市西湖区三墩镇西园三路10号,C 制造业
300554,三超新材,南京三超新材料股份有限公司,江苏省南京市江宁区淳化街道泽诚路77号,C 制造业
300555,路通视信,无锡路通视信网络股份有限公司,江苏省无锡市滨湖区五三零大厦1号十八层1802室,C 制造业
300556,丝路视觉,丝路视觉科技股份有限公司,广东省深圳市福田区福强路3030号文化体育产业总部大厦17楼,I 信息技术
300557,理工光科,武汉理工光科股份有限公司,湖北省武汉市东湖开发区武汉理工大学科技园,C 制造业
300558,贝达药业,贝达药业股份有限公司,浙江省杭州市余杭区经济技术开发区兴中路355号,C 制造业
300559,佳发教育,成都佳发安泰教育科技股份有限公司,四川省成都市武侯区武侯电商产业功能区管委会武科西二路188号,I 信息技术
300560,中富通,中富通集团股份有限公司,福建省福州市鼓楼区铜盘路软件大道89号软件园F区4号楼20、21、22层,I 信息技术
300561,汇金科技,珠海汇金科技股份有限公司,广东省珠海市软件园路1号会展中心3#第三层,I 信息技术
300562,乐心医疗,广东乐心医疗电子股份有限公司,广东省中山市火炬开发区东利路105号A区,C 制造业
300563,神宇股份,神宇通信科技股份公司,江苏省江阴市长山大道22号,C 制造业
300564,筑博设计,筑博设计股份有限公司,西藏自治区拉萨市柳梧新区国际总部城6幢2单元6层1号,M 科研服务
300565,科信技术,深圳市科信通信技术股份有限公司,广东省深圳市龙岗区新能源一路科信科技大厦,C 制造业
300566,激智科技,宁波激智科技股份有限公司,浙江省宁波高新区晶源路9号,C 制造业
300567,精测电子,武汉精测电子集团股份有限公司,湖北省武汉市洪山区书城路48#(北港工业园)1栋11层,C 制造业
300568,星源材质,深圳市星源材质科技股份有限公司,广东省深圳市光明新区公明办事处田园路北,C 制造业
300569,天能重工,青岛天能重工股份有限公司,山东省青岛胶州市李哥庄镇大沽河工业园,C 制造业
300570,太辰光,深圳太辰光通信股份有限公司,广东省深圳市坪山区锦绣中路8号太辰光通信科技园,C 制造业
300571,平治信息,杭州平治信息技术股份有限公司,浙江省杭州市江干区九盛路9号A18幢5楼518室,I 信息技术
300572,安车检测,深圳市安车检测股份有限公司,广东省深圳市南山区粤海街道学府路63号高新区联合总部大厦35楼,C 制造业
300573,兴齐眼药,沈阳兴齐眼药股份有限公司,辽宁省沈阳市东陵区泗水街68号,C 制造业
300575,中旗股份,江苏中旗科技股份有限公司,江苏省南京市南京化学工业园区长丰河路309号,C 制造业
300576,容大感光,深圳市容大感光科技股份有限公司,广东省深圳市宝安区福海街道新田社区新田大道71-5号301（1-3层）,C 制造业
300577,开润股份,安徽开润股份有限公司,安徽省滁州市同乐路1555号,C 制造业
300578,会畅通讯,上海会畅通讯股份有限公司,上海市金山区吕巷镇红光路4200－4201号2757室,I 信息技术
300579,数字认证,北京数字认证股份有限公司,北京市海淀区北四环西路68号1501号,I 信息技术
300580,贝斯特,无锡贝斯特精机股份有限公司,江苏省无锡市鸿桥路801-2702,C 制造业
300581,晨曦航空,西安晨曦航空科技股份有限公司,陕西省西安市高新区锦业路69号创业园C区11号,C 制造业
300582,英飞特,英飞特电子（杭州）股份有限公司,浙江省杭州市滨江区长河街道江虹路459号A座,C 制造业
300583,赛托生物,山东赛托生物科技股份有限公司,山东省菏泽市定陶区东外环路南段,C 制造业
300584,海辰药业,南京海辰药业股份有限公司,江苏省南京市经济技术开发区恒发路1号,C 制造业
300585,奥联电子,南京奥联汽车电子电器股份有限公司,江苏省南京市江宁区谷里街道东善桥工业集中区,C 制造业
300586,美联新材,广东美联新材料股份有限公司,广东省汕头市美联路1号,C 制造业
300587,天铁股份,浙江天铁实业股份有限公司,浙江省天台县人民东路928号,C 制造业
300588,熙菱信息,新疆熙菱信息技术股份有限公司,新疆维吾尔自治区乌鲁木齐市高新区（新市区）北京南路358号大成国际大厦10层,I 信息技术
300589,江龙船艇,江龙船艇科技股份有限公司,广东省中山市神湾镇桂竹路1号江龙船艇科技园,C 制造业
300590,移为通信,上海移为通信技术股份有限公司,上海市闵行区宜山路1618号E厂房801A室,C 制造业
300591,万里马,广东万里马实业股份有限公司,广东省东莞市长安镇建安路367号,C 制造业
300592,华凯创意,湖南华凯文化创意股份有限公司,湖南省长沙市岳麓区桐梓坡西路229号厂房101,R 文化传播
300593,新雷能,北京新雷能科技股份有限公司,北京市昌平区科技园区双营中路139号院1号楼一、二、三层,C 制造业
300594,朗进科技,山东朗进科技股份有限公司,山东省济南市莱芜高新区九龙山路006号,C 制造业
300595,欧普康视,欧普康视科技股份有限公司,安徽省合肥市高新区望江西路4899号,C 制造业
300596,利安隆,天津利安隆新材料股份有限公司,天津经济技术开发区汉沽现代产业区黄山路6号,C 制造业
300597,吉大通信,吉林吉大通信设计院股份有限公司,吉林省长春市朝阳区南湖学府经典小区第9幢701室,I 信息技术
300598,诚迈科技,诚迈科技（南京）股份有限公司,江苏省南京市雨花台区宁双路19号4幢,I 信息技术
300599,雄塑科技,广东雄塑科技集团股份有限公司,广东省佛山市南海区九江镇龙高路敦根路段雄塑工业园,C 制造业
300600,瑞特股份,常熟瑞特电气股份有限公司,江苏省常熟市虞山镇高新技术产业园青岛路2号,C 制造业
300601,康泰生物,深圳康泰生物制品股份有限公司,广东省深圳市南山区科技工业园科发路6号,C 制造业
300602,飞荣达,深圳市飞荣达科技股份有限公司,广东省深圳市光明区玉塘街道田寮社区南光高速东侧、环玉路南侧飞荣达大厦1栋、2栋、3栋,C 制造业
300603,立昂技术,立昂技术股份有限公司,新疆维吾尔自治区乌鲁木齐经济技术开发区(头屯河区)燕山街518号,I 信息技术
300604,长川科技,杭州长川科技股份有限公司,浙江省杭州市滨江区聚才路410号,C 制造业
300605,恒锋信息,恒锋信息科技股份有限公司,福建省福州市鼓楼区乌山西路318号洪山科技园创业中心大厦二层219室,I 信息技术
300606,金太阳,东莞金太阳研磨股份有限公司,广东省东莞市大岭山镇大环路1号,C 制造业
300607,拓斯达,广东拓斯达科技股份有限公司,广东省东莞市大岭山镇大塘朗创新路2号,C 制造业
300608,思特奇,北京思特奇信息技术股份有限公司,北京市海淀区中关村南大街6号14层,I 信息技术
300609,汇纳科技,汇纳科技股份有限公司,上海市金山区亭林镇亭枫公路333号216室,I 信息技术
300610,晨化股份,扬州晨化新材料股份有限公司,江苏省宝应县曹甸镇镇中路231号,C 制造业
300611,美力科技,浙江美力科技股份有限公司,浙江省新昌县新昌大道西路1365号,C 制造业
300612,宣亚国际,宣亚国际营销科技（北京）股份有限公司,北京市朝阳区八里庄东里1号CN02-B,L 商务服务
300613,富瀚微,上海富瀚微电子股份有限公司,上海市徐汇区宜山路717号6楼,I 信息技术
300615,欣天科技,深圳市欣天科技股份有限公司,广东省深圳市南山区茶光路波顿科技园B栋万科云创17层05号,C 制造业
300616,尚品宅配,广州尚品宅配家居股份有限公司,广东省广州市天河区花城大道85号3501房之自编01-05单元,C 制造业
300617,安靠智电,江苏安靠智能输电工程科技股份有限公司,江苏省溧阳市经济开发区天目湖工业园,C 制造业
300618,寒锐钴业,南京寒锐钴业股份有限公司,江苏省南京市江宁经济技术开发区静淮街115号,C 制造业
300619,金银河,佛山市金银河智能装备股份有限公司,广东省佛山市三水区西南街道宝云路6号一、二、四、五、六、七座,C 制造业
300620,光库科技,珠海光库科技股份有限公司,广东省珠海市高新区唐家湾镇创新三路399号,C 制造业
300621,维业股份,深圳市维业装饰集团股份有限公司,广东省深圳市福田区新洲路以西、莲花路以南振业景洲大厦裙楼101,E 建筑业
300622,博士眼镜,博士眼镜连锁股份有限公司,广东省深圳市罗湖区桂园街道深南东路5016号京基一百大厦A座2201-02单元,F 批发零售
300623,捷捷微电,江苏捷捷微电子股份有限公司,江苏省启东科技创业园兴龙路8号,C 制造业
300624,万兴科技,万兴科技集团股份有限公司,西藏自治区拉萨市柳梧新区东环路以西、1-4路以北、1-3路以南、柳梧大厦以东8栋2单元6层2号,I 信息技术
300625,三雄极光,广东三雄极光照明股份有限公司,广东省广州市番禺区石壁街韦涌工业区132号,C 制造业
300626,华瑞股份,华瑞电器股份有限公司,浙江省宁波市鄞州区姜山镇科技园区,C 制造业
300627,华测导航,上海华测导航技术股份有限公司,上海市青浦区高泾路599号D楼3层,C 制造业
300628,亿联网络,厦门亿联网络技术股份有限公司,福建省厦门市湖里区云顶北路16号三楼309,C 制造业
300629,新劲刚,广东新劲刚新材料科技股份有限公司,广东省佛山市南海区丹灶镇五金工业区博金路6号办公楼及车间,C 制造业
300630,普利制药,海南普利制药股份有限公司,海南省海口市美兰区桂林洋经济开发区,C 制造业
300631,久吾高科,江苏久吾高科技股份有限公司,江苏省南京市浦口区园思路9号,C 制造业
300632,光莆股份,厦门光莆电子股份有限公司,福建省厦门市思明区岭兜西路608号,C 制造业
300633,开立医疗,深圳开立生物医疗科技股份有限公司,广东省深圳市南山区粤海街道麻岭社区高新中区科技中2路1号深圳软件园（2期）12栋201、202,C 制造业
300634,彩讯股份,彩讯科技股份有限公司,广东省深圳市南山区粤海街道高新区社区科苑南路3176号彩讯科技大厦三十一层,I 信息技术
300635,中达安,中达安股份有限公司,广东省广州市白云区广州大道北1421号602房636房,M 科研服务
300636,同和药业,江西同和药业股份有限公司,江西省宜春市奉新县江西奉新高新技术产业园区,C 制造业
300637,扬帆新材,浙江扬帆新材料股份有限公司,浙江省绍兴市杭州湾上虞经济技术开发区,C 制造业
300638,广和通,深圳市广和通无线股份有限公司,广东省深圳市南山区南海大道1057号科技大厦二期A栋501A号,C 制造业
300639,凯普生物,广东凯普生物科技股份有限公司,广东省潮州市经济开发试验区北片高新区D5-3-3-4小区,C 制造业
300640,德艺文创,德艺文化创意集团股份有限公司,福建省福州市鼓楼区五四路158号环球广场1701单元,R 文化传播
300641,正丹股份,江苏正丹化学工业股份有限公司,江苏省镇江新区国际化学工业园松林山路南,C 制造业
300642,透景生命,上海透景生命科技股份有限公司,中国（上海）自由贸易试验区碧波路572弄115号1幢,C 制造业
300643,万通智控,万通智控科技股份有限公司,浙江省杭州市余杭区杭州余杭经济技术开发区振兴东路12号,C 制造业
300644,南京聚隆,南京聚隆科技股份有限公司,江苏省南京浦口区高新技术开发区聚龙路8号,C 制造业
300645,正元智慧,浙江正元智慧科技股份有限公司,浙江省杭州市余杭区舒心路359号正元智慧大厦A幢17层,I 信息技术
300647,超频三,深圳市超频三科技股份有限公司,广东省深圳市龙岗区龙城街道黄阁坑社区腾飞路9号创投大厦3602,C 制造业
300648,星云股份,福建星云电子股份有限公司,福建省福州市马尾区快安马江大道石狮路6号1-4#楼,C 制造业
300649,杭州园林,杭州园林设计院股份有限公司,浙江省杭州市西湖区杨公堤32号,M 科研服务
300650,太龙照明,太龙（福建）商业照明股份有限公司,福建省漳州台商投资区角美镇文圃工业园,C 制造业
300651,金陵体育,江苏金陵体育器材股份有限公司,江苏省苏州市张家港市南丰镇海丰路,C 制造业
300652,雷迪克,杭州雷迪克节能科技股份有限公司,浙江省杭州萧山经济技术开发区桥南区块春潮路89号,C 制造业
300653,正海生物,烟台正海生物科技股份有限公司,山东省烟台经济技术开发区衡山路10号,C 制造业
300654,世纪天鸿,世纪天鸿教育科技股份有限公司,山东省淄博市高新区天鸿路9号,R 文化传播
300655,晶瑞股份,苏州晶瑞化学股份有限公司,江苏省苏州吴中经济开发区河东工业园善丰路168号,C 制造业
300656,民德电子,深圳市民德电子科技股份有限公司,广东省深圳市南山区高新区中区科技园工业厂房25栋1段5层（1）号,C 制造业
300657,弘信电子,厦门弘信电子科技集团股份有限公司,福建省厦门火炬高新区(翔安)产业区翔海路19号之2(1#厂房三楼),C 制造业
300658,延江股份,厦门延江新材料股份有限公司,福建省厦门市翔安区内厝镇上塘社区363号致富楼299室,C 制造业
300659,中孚信息,中孚信息股份有限公司,山东省济南市高新区新泺大街1166号奥盛大厦2号楼15-16层,I 信息技术
300660,江苏雷利,江苏雷利电机股份有限公司,江苏省常州市武进区遥观镇钱家塘路19号,C 制造业
300661,圣邦股份,圣邦微电子（北京）股份有限公司,北京市海淀区西三环北路87号13层3-1301,C 制造业
300662,科锐国际,北京科锐国际人力资源股份有限公司,北京市朝阳区朝外大街16号中国人寿大厦1301室,L 商务服务
300663,科蓝软件,北京科蓝软件系统股份有限公司,北京市北京经济技术开发区西环南路18号A座450室,I 信息技术
300664,鹏鹞环保,鹏鹞环保股份有限公司,江苏省宜兴市高塍镇工业集中区(胥井村),N 公共环保
300665,飞鹿股份,株洲飞鹿高新材料技术股份有限公司,湖南省株洲市荷塘区金山工业园469号,C 制造业
300666,江丰电子,宁波江丰电子材料股份有限公司,浙江省余姚市经济开发区名邦科技工业园区安山路,C 制造业
300667,必创科技,北京必创科技股份有限公司,北京市海淀区上地七街1号汇众2号楼710室,C 制造业
300668,杰恩设计,深圳市杰恩创意设计股份有限公司,广东省深圳市南山区粤海街道科苑路15号科兴科学园B4单元13楼,M 科研服务
300669,沪宁股份,杭州沪宁电梯部件股份有限公司,浙江省杭州市余杭区中泰街道石鸽社区,C 制造业
300670,大烨智能,江苏大烨智能电气股份有限公司,江苏省南京市江宁区将军大道223号,C 制造业
300671,富满电子,深圳市富满电子集团股份有限公司,广东省深圳市福田区香蜜湖街道农园路时代科技大厦西区18楼,I 信息技术
300672,国科微,湖南国科微电子股份有限公司,湖南省长沙经济技术开发区泉塘街道东十路南段9号,C 制造业
300673,佩蒂股份,佩蒂动物营养科技股份有限公司,浙江省平阳县水头镇工业园区宠乐路2号,C 制造业
300674,宇信科技,北京宇信科技集团股份有限公司,北京市海淀区高梁桥斜街42号院1号楼5层1-519,I 信息技术
300675,建科院,深圳市建筑科学研究院股份有限公司,广东省深圳市福田区梅林梅坳三路29号建科大楼,M 科研服务
300676,华大基因,深圳华大基因股份有限公司,广东省深圳市盐田区洪安三街21号华大综合园7栋7层-14层,M 科研服务
300677,英科医疗,英科医疗科技股份有限公司,山东省淄博市临淄区齐鲁化学工业园清田路18号,C 制造业
300678,中科信息,中科院成都信息技术股份有限公司,四川省成都市高新区天晖路360号晶科1号大厦18栋1803室,I 信息技术
300679,电连技术,电连技术股份有限公司,广东省深圳市光明新区公明街道西田社区锦绣工业园8栋第一层至第三层A区,C 制造业
300680,隆盛科技,无锡隆盛科技股份有限公司,江苏省无锡城南路231-3号,C 制造业
300681,英搏尔,珠海英搏尔电气股份有限公司,广东省珠海市高新区唐家湾镇科技六路7号,C 制造业
300682,朗新科技,朗新科技集团股份有限公司,江苏省无锡新吴区净慧东道90号无锡软件园天鹅座B栋10、11楼,I 信息技术
300683,海特生物,武汉海特生物制药股份有限公司,湖北省武汉经济技术开发区海特科技园,C 制造业
300684,中石科技,北京中石伟业科技股份有限公司,北京市经济技术开发区东环中路3号,C 制造业
300685,艾德生物,厦门艾德生物医药科技股份有限公司,福建省厦门市海沧区鼎山路39号,C 制造业
300686,智动力,深圳市智动力精密技术股份有限公司,广东省深圳市坪山新区坪山办事处田心社区金田路352号,C 制造业
300687,赛意信息,广州赛意信息科技股份有限公司,广东省广州市天河区珠江东路12号16楼1603-1605单元,I 信息技术
300688,创业黑马,创业黑马科技集团股份有限公司,北京市朝阳区酒仙桥北路7号60幢一层027,L 商务服务
300689,澄天伟业,深圳市澄天伟业科技股份有限公司,广东省深圳市南山区粤海街道高新区社区高新南九道10号深圳湾科技生态园10栋B3401-B3404,C 制造业
300690,双一科技,山东双一科技股份有限公司,山东省德州市德城区新华工业园双一路1号,C 制造业
300691,联合光电,中山联合光电科技股份有限公司,广东省中山市火炬开发区益围路10号1-3楼,C 制造业
300692,中环环保,安徽中环环保科技股份有限公司,安徽省合肥市阜阳北路948号中正国际广场1幢办1608室,N 公共环保
300693,盛弘股份,深圳市盛弘电气股份有限公司,广东省深圳市南山区西丽街道松白路1002号百旺信高科技工业园2区6栋,C 制造业
300694,蠡湖股份,无锡蠡湖增压技术股份有限公司,江苏省无锡市滨湖区胡埭镇天竹路2号,C 制造业
300695,兆丰股份,浙江兆丰机电股份有限公司,浙江省杭州市萧山经济技术开发区桥南区块兆丰路6号,C 制造业
300696,爱乐达,成都爱乐达航空制造股份有限公司,四川省成都市高新区西部园区天勤路819号,C 制造业
300697,电工合金,江阴电工合金股份有限公司,江苏省江阴市周庄镇世纪大道北段398号,C 制造业
300698,万马科技,万马科技股份有限公司,浙江省杭州市临安区太湖源镇青云村,C 制造业
300699,光威复材,威海光威复合材料股份有限公司,山东省威海市高区天津路-130号,C 制造业
300700,岱勒新材,长沙岱勒新材料科技股份有限公司,湖南省长沙高新开发区环联路108号,C 制造业
300701,森霸传感,森霸传感科技股份有限公司,河南省南阳市社旗县城关镇,C 制造业
300702,天宇股份,浙江天宇药业股份有限公司,浙江省台州市黄岩江口化工开发区,C 制造业
300703,创源文化,宁波创源文化发展股份有限公司,浙江省宁波市北仑区庐山西路45号,C 制造业
300705,九典制药,湖南九典制药股份有限公司,湖南省长沙市浏阳经济技术开发区健康大道1号,C 制造业
300706,阿石创,福建阿石创新材料股份有限公司,福建省长乐市航城街道琴江村太平里169号,C 制造业
300707,威唐工业,无锡威唐工业技术股份有限公司,江苏省无锡市新区鸿山街道建鸿路32号,C 制造业
300708,聚灿光电,聚灿光电科技股份有限公司,江苏省苏州工业园区月亮湾路15号中新大厦32楼01-05室,C 制造业
300709,精研科技,江苏精研科技股份有限公司,江苏省钟楼经济开发区棕榈路59号,C 制造业
300710,万隆光电,杭州万隆光电设备股份有限公司,浙江省杭州市萧山区瓜沥友谊村,C 制造业
300711,广哈通信,广州广哈通信股份有限公司,广东省广州市高新技术产业开发区科学城南云一路16号,C 制造业
300712,永福股份,福建永福电力设计股份有限公司,福建省福州市闽侯县上街镇海西科技园高新大道3号,M 科研服务
300713,英可瑞,深圳市英可瑞科技股份有限公司,广东省深圳市南山区西丽街道曙光社区中山园路1001号TCL科学园区E1栋1101,C 制造业
300715,凯伦股份,江苏凯伦建材股份有限公司,江苏省苏州市吴江区七都镇亨通大道8号,C 制造业
300716,国立科技,广东国立科技股份有限公司,广东省东莞市道滘镇大罗沙创业园5路8号,C 制造业
300717,华信新材,江苏华信新材料股份有限公司,江苏省新沂市大桥东路189号,C 制造业
300718,长盛轴承,浙江长盛滑动轴承股份有限公司,浙江省嘉善县惠民街道鑫达路6号,C 制造业
300719,安达维尔,北京安达维尔科技股份有限公司,北京市海淀区知春路1号学院国际大厦11层1112室,C 制造业
300720,海川智能,广东海川智能机器股份有限公司,广东省佛山市顺德区北滘镇黄龙村委会龙展路3号,C 制造业
300721,怡达股份,江苏怡达化学股份有限公司,江苏省江阴市西石桥球庄村,C 制造业
300722,新余国科,江西新余国科科技股份有限公司,江西省新余市仙女湖区观巢镇松山江村,C 制造业
300723,一品红,一品红药业股份有限公司,广东省广州市黄埔区广州国际生物岛寰宇一路27号云润大厦17层,C 制造业
300724,捷佳伟创,深圳市捷佳伟创新能源装备股份有限公司,广东省深圳市坪山区龙田街道竹坑社区金牛东路62号一层至六层,C 制造业
300725,药石科技,南京药石科技股份有限公司,江苏省南京江北新区学府路10号,C 制造业
300726,宏达电子,株洲宏达电子股份有限公司,湖南省株洲市荷塘区新华东路1297号,C 制造业
300727,润禾材料,宁波润禾高新材料科技股份有限公司,浙江省宁波市宁海县宁波南部滨海新区金海中路168号,C 制造业
300729,乐歌股份,乐歌人体工学科技股份有限公司,浙江省宁波市鄞州区经济开发区启航南路588号(鄞州区瞻岐镇),C 制造业
300730,科创信息,湖南科创信息技术股份有限公司,湖南省长沙市岳麓区青山路678号,I 信息技术
300731,科创新源,深圳科创新源新材料股份有限公司,广东省深圳市光明区新湖街道同富裕工业园富川科技工业园2号、3号厂房,C 制造业
300732,设研院,河南省交通规划设计研究院股份有限公司,河南省郑州市郑东新区泽雨街9号,M 科研服务
300733,西菱动力,成都西菱动力科技股份有限公司,四川省成都市青羊区腾飞大道298号,C 制造业
300735,光弘科技,惠州光弘科技股份有限公司,广东省惠州市大亚湾响水河工业园永达路5号,C 制造业
300736,百邦科技,北京百华悦邦科技股份有限公司,北京市朝阳区阜通东大街6号院1号楼16层1906,O 居民服务
300737,科顺股份,科顺防水科技股份有限公司,广东省佛山市顺德区容桂红旗中路工业区38号之一,C 制造业
300738,奥飞数据,广东奥飞数据科技股份有限公司,广东省广州市南沙区南沙街进港大道8号1508房,I 信息技术
300739,明阳电路,深圳明阳电路科技股份有限公司,广东省深圳市宝安区新桥街道上星第二工业区南环路32号B栋,C 制造业
300740,御家汇,御家汇股份有限公司,湖南省长沙高新开发区岳麓西大道588号芯城科技园9栋1层101号,C 制造业
300741,华宝股份,华宝香精股份有限公司,西藏自治区拉萨经济技术开发区格桑路投资大厦6层,C 制造业
300742,越博动力,南京越博动力系统股份有限公司,江苏省南京市建邺区嘉陵江东街18号4栋4楼,C 制造业
300743,天地数码,杭州天地数码科技股份有限公司,浙江省杭州钱江经济开发区康信路600号,C 制造业
300745,欣锐科技,深圳欣锐科技股份有限公司,广东省深圳市南山区桃源街道塘岭路1号金骐智谷大厦5楼,C 制造业
300746,汉嘉设计,汉嘉设计集团股份有限公司,浙江省杭州市湖墅南路501号迪尚商务大厦,M 科研服务
300747,锐科激光,武汉锐科光纤激光技术股份有限公司,湖北省武汉市东湖开发区高新大道999号,C 制造业
300748,金力永磁,江西金力永磁科技股份有限公司,江西省赣州市经济技术开发区工业园,C 制造业
300749,顶固集创,广东顶固集创家居股份有限公司,广东省中山市东凤镇和穗工业园,C 制造业
300750,宁德时代,宁德时代新能源科技股份有限公司,福建省宁德市蕉城区漳湾镇新港路2号,C 制造业
300751,迈为股份,苏州迈为科技股份有限公司,江苏省苏州市吴江区芦荡路228号,C 制造业
300752,隆利科技,深圳市隆利科技股份有限公司,广东省深圳市龙华区大浪街道高峰社区鹊山路光浩工业园G栋3层、4层,C 制造业
300753,爱朋医疗,江苏爱朋医疗科技股份有限公司,江苏省南通市如东县经济开发区永通大道东侧,C 制造业
300755,华致酒行,华致酒行连锁管理股份有限公司,云南省迪庆州香格里拉经济开发区中心片区,F 批发零售
300756,中山金马,中山市金马科技娱乐设备股份有限公司,广东省中山市火炬开发区沿江东三路5号,C 制造业
300757,罗博特科,罗博特科智能科技股份有限公司,江苏省苏州工业园区唯亭港浪路3号,C 制造业
300758,七彩化学,鞍山七彩化学股份有限公司,辽宁省鞍山市腾鳌经济开发区一号路八号,C 制造业
300759,康龙化成,康龙化成（北京）新药技术股份有限公司,北京市北京经济技术开发区泰河路6号1幢八层,M 科研服务
300760,迈瑞医疗,深圳迈瑞生物医疗电子股份有限公司,广东省深圳市南山区高新技术产业园区科技南十二路迈瑞大厦1-4层,C 制造业
300761,立华股份,江苏立华牧业股份有限公司,江苏省常州市武进区牛塘镇卢西村委河西村500号,A 农林牧渔
300762,上海瀚讯,上海瀚讯信息技术股份有限公司,上海市长宁区金钟路999号4幢601室,C 制造业
300763,锦浪科技,宁波锦浪新能源科技股份有限公司,浙江省象山县经济开发区滨海工业园金通路57号,C 制造业
300765,新诺威,石药集团新诺威制药股份有限公司,河北省石家庄市栾城区张举路62号,C 制造业
300766,每日互动,浙江每日互动网络科技股份有限公司,浙江省杭州市西湖区西溪路525号A楼西区418室,I 信息技术
300767,震安科技,震安科技股份有限公司,云南省昆明市官渡区工业园区昆明国际印刷包装城D-2-4-1、D-2-4-2地块,C 制造业
300768,迪普科技,杭州迪普科技股份有限公司,浙江省杭州市滨江区通和路68号中财大厦6楼,I 信息技术
300769,德方纳米,深圳市德方纳米科技股份有限公司,广东省深圳市南山区桃源街道福光社区留仙大道3370号南山智园崇文园区1号楼1001,C 制造业
300770,新媒股份,广东南方新媒体股份有限公司,广东省广州市越秀区人民北路686号自编25幢411房,I 信息技术
300771,智莱科技,深圳市智莱科技股份有限公司,广东省深圳市南山区学苑大道1001号南山智园C3栋15层,C 制造业
300772,运达股份,浙江运达风电股份有限公司,浙江省杭州钱江经济开发区顺风路558号,C 制造业
300773,拉卡拉,拉卡拉支付股份有限公司,北京市海淀区北清路中关村壹号D1座6层606,I 信息技术
300775,三角防务,西安三角防务股份有限公司,陕西省西安市航空基地蓝天二路8号,C 制造业
300776,帝尔激光,武汉帝尔激光科技股份有限公司,湖北省武汉市东湖新技术开发区华师园二路5号武汉高科国有控股集团有限公司光存储园三号厂房,C 制造业
300777,中简科技,中简科技股份有限公司,江苏省常州市新北区兴丰路6号,C 制造业
300778,新城市,深圳市新城市规划建筑设计股份有限公司,广东省深圳市龙岗区中心城清林中路39号新城市大厦10楼,M 科研服务
300779,惠城环保,青岛惠城环保科技股份有限公司,山东省青岛经济技术开发区淮河东路57号,C 制造业
300780,德恩精工,四川德恩精工科技股份有限公司,四川省眉山市青神县竹艺大道8号,C 制造业
300781,因赛集团,广东因赛品牌营销集团股份有限公司,广东省广州市天河区珠江珠江东路6号广州周大福金融中心6001房自编05-06单元,L 商务服务
300782,卓胜微,江苏卓胜微电子股份有限公司,江苏省无锡市滨湖区建筑西路777号A3幢11层,C 制造业
300783,三只松鼠,三只松鼠股份有限公司,安徽省芜湖市弋江区芜湖高新技术产业开发区久盛路8号,F 批发零售
300785,值得买,北京值得买科技股份有限公司,北京市丰台区汽车博物馆东路1号院3号楼32层3701和33层3801,I 信息技术
300786,国林科技,青岛国林环保科技股份有限公司,山东省青岛市市北区瑞昌路168号,C 制造业
300787,海能实业,安福县海能实业股份有限公司,江西省吉安市安福县工业园,C 制造业
300788,中信出版,中信出版集团股份有限公司,北京市朝阳区惠新东街甲4号8-10层,R 文化传播
300789,唐源电气,成都唐源电气股份有限公司,四川省成都市武侯区武兴五路355号西部智谷A1-1-9,I 信息技术
300790,宇瞳光学,东莞市宇瞳光学科技股份有限公司,广东省东莞市长安镇乌沙环东路306号长通誉凯工业区D栋,C 制造业
300791,仙乐健康,仙乐健康科技股份有限公司,广东省汕头市泰山路83号,C 制造业
300792,壹网壹创,杭州壹网壹创科技股份有限公司,浙江省杭州市经济技术开发区白杨街道科技园路2号2幢17层01-14单元,I 信息技术
300793,佳禾智能,佳禾智能科技股份有限公司,广东省东莞松山湖高新技术产业开发区工业南路6号1栋506室,C 制造业
300795,米奥会展,浙江米奥兰特商务会展股份有限公司,浙江省杭州市经济技术开发区白杨街道6号大街452号,L 商务服务
300796,贝斯美,绍兴贝斯美化工股份有限公司,浙江省杭州湾上虞经济技术开发区,C 制造业
300797,钢研纳克,钢研纳克检测技术股份有限公司,北京市海淀区高梁桥斜街13号,M 科研服务
300798,锦鸡股份,江苏锦鸡实业股份有限公司,江苏省泰兴市经济开发区新港路10号,C 制造业
300799,左江科技,北京左江科技股份有限公司,北京市海淀区高里掌路3号院9号楼1层101、2层201,I 信息技术
300800,力合科技,力合科技（湖南）股份有限公司,湖南省长沙市高新区青山路668号,C 制造业
300801,泰和科技,山东泰和水处理科技股份有限公司,山东省枣庄市市中区十里泉东路1号,C 制造业
300802,矩子科技,上海矩子科技股份有限公司,上海市闵行区中春路7001号2幢408室,C 制造业
300803,指南针,北京指南针科技发展股份有限公司,北京市昌平区北七家镇七北路42号院2号楼1单元501室,I 信息技术
300805,电声股份,广东电声市场营销股份有限公司,广东省广州市天河区黄埔大道西平云路163号通讯大楼4层东部之三房,L 商务服务
300806,斯迪克,江苏斯迪克新材料科技股份有限公司,江苏省泗洪经济开发区双洋西路6号,C 制造业
300807,天迈科技,郑州天迈科技股份有限公司,河南省郑州市高新区莲花街316号10号楼106-606号房、108-608号房,C 制造业
300808,久量股份,广东久量股份有限公司,广东省广州市白云区广州民营科技园科园路12号,C 制造业
300809,华辰装备,华辰精密装备（昆山）股份有限公司,江苏省昆山市周市镇横长泾路333号,C 制造业
300810,中科海讯,北京中科海讯数字科技股份有限公司,北京市海淀区地锦路9号院15号楼409室,I 信息技术
300811,铂科新材,深圳市铂科新材料股份有限公司,广东省深圳市南山区北环路南头第五工业区2栋3层301-306室,C 制造业
300812,易天股份,深圳市易天自动化设备股份有限公司,广东省深圳市宝安区沙井街道大王山社区西部工业园第一幢,C 制造业
300813,泰林生物,浙江泰林生物技术股份有限公司,浙江省杭州市滨江区南环路2930号,C 制造业
300815,玉禾田,玉禾田环境发展集团股份有限公司,安徽省安庆市岳西县天馨大道筑梦小镇电商产业园5号楼,N 公共环保
300816,艾可蓝,安徽艾可蓝环保股份有限公司,安徽省池州市高新区玉镜路12号,N 公共环保
300817,双飞股份,浙江双飞无油轴承股份有限公司,浙江省嘉善县干窑镇宏伟北路18号,C 制造业
300818,耐普矿机,江西耐普矿机新材料股份有限公司,江西省上饶市上饶经济技术开发区兴园大道52号,C 制造业
300819,聚杰微纤,江苏聚杰微纤科技集团股份有限公司,江苏省苏州市吴江区八坼镇南郊,C 制造业
300820,英杰电气,四川英杰电气股份有限公司,四川省德阳市金沙江西路686号,C 制造业
300821,东岳硅材,山东东岳有机硅材料股份有限公司,山东省淄博市桓台县唐山镇李寨村段,C 制造业
300822,贝仕达克,深圳贝仕达克技术股份有限公司,广东省深圳市龙岗区龙岗街道龙西社区学园路第三工业区22栋、23栋、34栋、37栋,C 制造业
300823,建科机械,建科机械（天津）股份有限公司,天津市北辰区陆路港物流装备产业园陆港五纬路7号,C 制造业
300825,阿尔特,阿尔特汽车技术股份有限公司,北京经济技术开发区经海四路25号6号楼215室,M 科研服务
300826,测绘股份,南京市测绘勘察研究院股份有限公司,江苏省南京市建邺区创意路88号,M 科研服务
300827,上能电气,上能电气股份有限公司,江苏省无锡市惠山区和惠路6号,C 制造业
300828,锐新科技,天津锐新昌科技股份有限公司,天津新技术产业园区华苑产业区(环外)海泰北道5号,C 制造业
300829,金丹科技,河南金丹乳酸科技股份有限公司,河南省周口市郸城县金丹大道08号,C 制造业
300830,金现代,金现代信息产业股份有限公司,山东省济南市高新区新泺大街1166号奥盛大厦2号楼21层东区2101,I 信息技术
300831,派瑞股份,西安派瑞功率半导体变流技术股份有限公司,陕西省西安市高新区新区锦业二路东段,C 制造业
300832,新产业,深圳市新产业生物医学工程股份有限公司,广东省深圳市坪山区坑梓街道金沙社区锦绣东路23号新产业生物大厦二十一层,C 制造业
300833,浩洋股份,广州市浩洋电子股份有限公司,广东省广州市番禺区石碁镇海涌路109号（厂房）,C 制造业
300835,龙磁科技,安徽龙磁科技股份有限公司,安徽省庐江县郭河镇工业区,C 制造业
300836,佰奥智能,昆山佰奥智能装备股份有限公司,江苏省昆山市玉山镇紫竹路1689号6号房,C 制造业
300837,浙矿股份,浙江浙矿重工股份有限公司,浙江省湖州市长兴县和平镇工业园区,C 制造业
002001,新 和 成,浙江新和成股份有限公司,浙江省新昌县羽林街道江北路4号,C 制造业
002002,鸿达兴业,鸿达兴业股份有限公司,江苏省扬州市广陵区杭集镇曙光路,C 制造业
002003,伟星股份,浙江伟星实业发展股份有限公司,浙江省临海市花园工业区,C 制造业
002004,华邦健康,华邦生命健康股份有限公司,重庆市渝北区人和星光大道69号,C 制造业
002005,*ST德豪,安徽德豪润达电气股份有限公司,安徽省蚌埠市燕南路1308号,C 制造业
002006,精功科技,浙江精功科技股份有限公司,浙江省绍兴市柯桥区鉴湖路1809号,C 制造业
002007,华兰生物,华兰生物工程股份有限公司,河南省新乡市华兰大道甲1号,C 制造业
002008,大族激光,大族激光科技产业集团股份有限公司,广东省深圳市南山区深南大道9988号,C 制造业
002009,天奇股份,天奇自动化工程股份有限公司,江苏省无锡市惠山区洛社镇洛藕路288号,C 制造业
002010,传化智联,传化智联股份有限公司,浙江省杭州市萧山经济技术开发区,L 商务服务
002011,盾安环境,浙江盾安人工环境股份有限公司,浙江省诸暨市店口工业区,C 制造业
002012,凯恩股份,浙江凯恩特种材料股份有限公司,浙江省遂昌县妙高镇凯恩路1008号,C 制造业
002013,中航机电,中航工业机电系统股份有限公司,湖北省襄阳市高新区追日路8号,C 制造业
002014,永新股份,黄山永新股份有限公司,安徽省黄山市徽州区徽州东路188号,C 制造业
002015,协鑫能科,协鑫能源科技股份有限公司,江苏省江阴市徐霞客镇马镇东街7号,D 水电煤气
002016,世荣兆业,广东世荣兆业股份有限公司,广东省珠海市斗门区井岸镇珠峰大道288号1区17号楼,K 房地产
002017,东信和平,东信和平科技股份有限公司,广东省珠海市高新区南屏科技工业园屏工中路8号,C 制造业
002019,亿帆医药,亿帆医药股份有限公司,浙江省临安经济开发区,C 制造业
002020,京新药业,浙江京新药业股份有限公司,浙江省新昌县羽林街道新昌大道东路800号,C 制造业
002021,*ST中捷,中捷资源投资股份有限公司,浙江省玉环市大麦屿街道兴港东路198号,C 制造业
002022,科华生物,上海科华生物工程股份有限公司,上海市徐汇区钦州北路1189号,C 制造业
002023,海特高新,四川海特高新技术股份有限公司,四川省成都市高新区高朋大道21号,C 制造业
002024,苏宁易购,苏宁易购集团股份有限公司,江苏省南京市山西路8号金山大厦1-5层,F 批发零售
002025,航天电器,贵州航天电器股份有限公司,贵州省贵阳经济技术开发区红河路7号,C 制造业
002026,山东威达,山东威达机械股份有限公司,山东省威海临港经济技术开发区苘山镇中韩路2号,C 制造业
002027,分众传媒,分众传媒信息技术股份有限公司,广东省广州市黄埔区中新知识城凤凰三路8号2号楼2130室,L 商务服务
002028,思源电气,思源电气股份有限公司,上海市闵行区金都路4399号,C 制造业
002029,七 匹 狼,福建七匹狼实业股份有限公司,福建省晋江市金井镇南工业区,C 制造业
002030,达安基因,中山大学达安基因股份有限公司,广东省广州市高新技术开发区科学城香山路19号,C 制造业
002031,巨轮智能,巨轮智能装备股份有限公司,广东省揭东经济开发区5号路中段,C 制造业
002032,苏 泊 尔,浙江苏泊尔股份有限公司,浙江省玉环县大麦屿经济开发区,C 制造业
002033,丽江股份,丽江玉龙旅游股份有限公司,云南省丽江市古城区香格里大道760号丽江玉龙旅游大厦,N 公共环保
002034,旺能环境,旺能环境股份有限公司,浙江省湖州市天字圩路288号,N 公共环保
002035,华帝股份,华帝股份有限公司,广东省中山市小榄镇工业大道南华园路1号,C 制造业
002036,联创电子,联创电子科技股份有限公司,江西省南昌市南昌高新技术产业开发区京东大道1699号,C 制造业
002037,保利联合,保利联合化工控股集团股份有限公司,贵州省贵阳市高新技术开发区新天园区,C 制造业
002038,双鹭药业,北京双鹭药业股份有限公司,北京市海淀区西三环北路100号金玉大厦1103-1105室,C 制造业
002039,黔源电力,贵州黔源电力股份有限公司,贵州省贵阳市都司高架桥路46号黔源大厦,D 水电煤气
002040,南 京 港,南京港股份有限公司,江苏省南京市栖霞区和燕路251号1幢1101室,G 运输仓储
002041,登海种业,山东登海种业股份有限公司,山东省莱州市农科院城山路西侧,A 农林牧渔
002042,华孚时尚,华孚时尚股份有限公司,安徽省淮北市经济开发区新区石山路6号,C 制造业
002043,兔 宝 宝,德华兔宝宝装饰新材股份有限公司,浙江省德清县洛舍镇工业区,C 制造业
002044,美年健康,美年大健康产业控股股份有限公司,江苏省南通市人民东路218号,Q 卫生
002045,国光电器,国光电器股份有限公司,广东省广州市花都区新雅街镜湖大道8号,C 制造业
002046,轴研科技,洛阳轴研科技股份有限公司,河南省洛阳市高新技术开发区丰华路6号,C 制造业
002047,宝鹰股份,深圳市宝鹰建设控股集团股份有限公司,广东省深圳市南山区沙河街道华侨城东部工业区F1栋107号,E 建筑业
002048,宁波华翔,宁波华翔电子股份有限公司,浙江省象山县西周镇象西开发区,C 制造业
002049,紫光国微,紫光国芯微电子股份有限公司,河北省玉田县无终西街3129号,C 制造业
002050,三花智控,浙江三花智能控制股份有限公司,浙江省新昌县七星街道下礼泉,C 制造业
002051,中工国际,中工国际工程股份有限公司,北京市海淀区丹棱街3号,E 建筑业
002052,*ST同洲,深圳市同洲电子股份有限公司,广东省深圳市南山区高新区北区第五工业区彩虹科技大楼A6楼,C 制造业
002053,云南能投,云南能源投资股份有限公司,云南省昆明市官渡区春城路276号,C 制造业
002054,德美化工,广东德美精细化工集团股份有限公司,广东省佛山市顺德高新区科技产业园朝桂南路,C 制造业
002055,得润电子,深圳市得润电子股份有限公司,广东省深圳市光明区凤凰街道汇通路269号得润电子工业园,C 制造业
002056,横店东磁,横店集团东磁股份有限公司,浙江省东阳市横店工业区,C 制造业
002057,中钢天源,中钢天源股份有限公司,安徽省马鞍山市雨山区霍里山大道南段9号,C 制造业
002058,威 尔 泰,上海威尔泰工业自动化股份有限公司,上海市闵行区虹中路263号1幢,C 制造业
002059,云南旅游,云南旅游股份有限公司,云南省昆明市盘龙区世博生态城低碳中心B栋1单元16层、17层,N 公共环保
002060,粤 水 电,广东水电二局股份有限公司,广东省广州市增城区新塘镇广深大道西1号1幢水电广场A-1商务中心20层,E 建筑业
002061,浙江交科,浙江交通科技股份有限公司,浙江省江山市景星东路38号,E 建筑业
002062,宏润建设,宏润建设集团股份有限公司,浙江省象山县丹城镇建设东路262号,E 建筑业
002063,远光软件,远光软件股份有限公司,广东省珠海市港湾大道科技一路3号,I 信息技术
002064,华峰氨纶,浙江华峰氨纶股份有限公司,浙江省瑞安市莘塍镇工业园区,C 制造业
002065,东华软件,东华软件股份公司,北京市海淀区紫金数码园3号楼15层1501,I 信息技术
002066,瑞泰科技,瑞泰科技股份有限公司,北京市朝阳区五里桥一街1号院27号楼,C 制造业
002067,景兴纸业,浙江景兴纸业股份有限公司,浙江省平湖市曹桥街道,C 制造业
002068,黑猫股份,江西黑猫炭黑股份有限公司,江西省景德镇市昌江区历尧,C 制造业
002069,獐子岛,獐子岛集团股份有限公司,辽宁省大连市长海县獐子岛镇沙包村,A 农林牧渔
002071,长城影视,长城影视股份有限公司,江苏省张家港市大新镇人民路128号,R 文化传播
002072,*ST凯瑞,凯瑞德控股股份有限公司,山东省德州市德城区顺河西路18号,I 信息技术
002073,软控股份,软控股份有限公司,山东省青岛市高新区新业路31号远创国际蓝湾创意园B区1号楼202室,C 制造业
002074,国轩高科,国轩高科股份有限公司,江苏省南通市通州区十总镇东源大道1号,C 制造业
002075,沙钢股份,江苏沙钢股份有限公司,江苏省张家港市锦丰镇沙钢大厦,C 制造业
002076,*ST雪莱,广东雪莱特光电科技股份有限公司,广东省佛山市南海区狮山工业科技工业园A区,C 制造业
002077,*ST大港,江苏大港股份有限公司,江苏省镇江新区大港通港路1号,K 房地产
002078,太阳纸业,山东太阳纸业股份有限公司,山东省济宁市兖州区西关大街66号,C 制造业
002079,苏州固锝,苏州固锝电子股份有限公司,江苏省苏州市通安开发区通锡路31号,C 制造业
002080,中材科技,中材科技股份有限公司,江苏省南京市江宁科学园彤天路99号,C 制造业
002081,金 螳 螂,苏州金螳螂建筑装饰股份有限公司,江苏省苏州工业园区民营工业区,E 建筑业
002082,万邦德,万邦德医药控股集团股份有限公司,浙江省湖州市织里镇栋梁路1688号,C 制造业
002083,孚日股份,孚日集团股份有限公司,山东省高密市孚日街1号,C 制造业
002084,海鸥住工,广州海鸥住宅工业股份有限公司,广东省广州市番禺区沙头街禺山西路363号,C 制造业
002085,万丰奥威,浙江万丰奥威汽轮股份有限公司,浙江省新昌县城关镇新昌工业区（后溪）,C 制造业
002086,ST东海洋,山东东方海洋科技股份有限公司,山东省烟台市莱山区澳柯玛大街18号,A 农林牧渔
002087,新野纺织,河南新野纺织股份有限公司,河南省新野县城关镇书院路15号,C 制造业
002088,鲁阳节能,山东鲁阳节能材料股份有限公司,山东省淄博市沂源县沂河路11号,C 制造业
002089,*ST新海,新海宜科技集团股份有限公司,江苏省苏州工业园区泾茂路168号,C 制造业
002090,金智科技,江苏金智科技股份有限公司,江苏省南京市江宁开发区将军大道100号,C 制造业
002091,江苏国泰,江苏国泰国际集团股份有限公司,江苏省张家港市国泰时代广场11-24楼,F 批发零售
002092,中泰化学,新疆中泰化学股份有限公司,新疆维吾尔自治区乌鲁木齐市经济技术开发区阳澄湖路39号,C 制造业
002093,国脉科技,国脉科技股份有限公司,福建省福州市马尾区江滨东大道116号,I 信息技术
002094,青岛金王,青岛金王应用化学股份有限公司,山东省青岛即墨市青岛环保产业园,C 制造业
002095,生 意 宝,浙江网盛生意宝股份有限公司,浙江省杭州市莫干山路187号易盛大厦12F,I 信息技术
002096,南岭民爆,湖南南岭民用爆破器材股份有限公司,湖南省永州市双牌县泷泊镇双北路6号,C 制造业
002097,山河智能,山河智能装备股份有限公司,湖南省长沙市经济技术开发区漓湘中路16号,C 制造业
002098,浔兴股份,福建浔兴拉链科技股份有限公司,福建省晋江市深沪乌漏沟东工业区,C 制造业
002099,海翔药业,浙江海翔药业股份有限公司,浙江省台州市椒江区外沙支路100号,C 制造业
002100,天康生物,天康生物股份有限公司,新疆维吾尔自治区乌鲁木齐市高新区长春南路528号,C 制造业
002101,广东鸿图,广东鸿图科技股份有限公司,广东省肇庆市高要区金渡世纪大道168号,C 制造业
002102,ST冠福,冠福控股股份有限公司,福建省泉州市德化县土坂村冠福工业园,C 制造业
002103,广博股份,广博集团股份有限公司,浙江省宁波市海曙区石碶街道车何,L 商务服务
002104,恒宝股份,恒宝股份有限公司,江苏省丹阳市横塘工业区,C 制造业
002105,信隆健康,深圳信隆健康产业发展股份有限公司,广东省深圳市宝安区松岗街道办碧头第三工业区,C 制造业
002106,莱宝高科,深圳莱宝高科技股份有限公司,广东省深圳市南山区高新北二道29号,C 制造业
002107,沃华医药,山东沃华医药科技股份有限公司,山东省潍坊市高新技术产业开发区梨园街3517号,C 制造业
002108,沧州明珠,沧州明珠塑料股份有限公司,河北省沧州市运河区沧石路张庄子工业园区,C 制造业
002109,兴化股份,陕西兴化化学股份有限公司,陕西省咸阳市兴平市东城区,C 制造业
002110,三钢闽光,福建三钢闽光股份有限公司,福建省三明市梅列区工业中路群工三路,C 制造业
002111,威海广泰,威海广泰空港设备股份有限公司,山东省威海市环翠区黄河街16号,C 制造业
002112,三变科技,三变科技股份有限公司,浙江省三门县海游镇西区大道369号,C 制造业
002113,*ST天润,湖南天润数字娱乐文化传媒股份有限公司,湖南省岳阳市九华山2号,I 信息技术
002114,罗平锌电,云南罗平锌电股份有限公司,云南省曲靖市罗平县罗雄镇九龙大道南段,C 制造业
002115,三维通信,三维通信股份有限公司,浙江省杭州市滨江区火炬大道581号,C 制造业
002116,中国海诚,中国海诚工程科技股份有限公司,上海市宝庆路21号,M 科研服务
002117,东港股份,东港股份有限公司,山东省济南市山大北路23号,C 制造业
002118,紫鑫药业,吉林紫鑫药业股份有限公司,吉林省通化市柳河县英利路88号,C 制造业
002119,康强电子,宁波康强电子股份有限公司,浙江省宁波市鄞州投资创业中心金源路988号,C 制造业
002120,韵达股份,韵达控股股份有限公司,浙江省慈溪市崇寿镇永清南路8号,G 运输仓储
002121,*ST科陆,深圳市科陆电子科技股份有限公司,广东省深圳市光明新区观光路3009号招商局光明科技园A6栋2A,C 制造业
002122,*ST天马,天马轴承集团股份有限公司,浙江省杭州市石祥路202号,C 制造业
002123,梦网集团,梦网荣信科技集团股份有限公司,辽宁省鞍山市铁东区科技路108号,I 信息技术
002124,天邦股份,天邦食品股份有限公司,浙江省余姚市玉立路55号阳光国际大厦A座1805,C 制造业
002125,湘潭电化,湘潭电化科技股份有限公司,湖南省湘潭市雨湖区鹤岭镇,C 制造业
002126,银轮股份,浙江银轮机械股份有限公司,浙江省天台县福溪街道始丰东路8号,C 制造业
002127,南极电商,南极电商股份有限公司,江苏省苏州市吴江区盛泽镇敦煌路388号汇赢大厦8F,L 商务服务
002128,露天煤业,内蒙古霍林河露天煤业股份有限公司,内蒙古自治区霍林郭勒市哲里木大街（霍矿珠斯花区）,B 采矿业
002129,中环股份,天津中环半导体股份有限公司,天津市新技术产业园区华苑产业区（环外）海泰东路12号,C 制造业
002130,沃尔核材,深圳市沃尔核材股份有限公司,广东省深圳市坪山区龙田街道兰景北路沃尔工业园,C 制造业
002131,利欧股份,利欧集团股份有限公司,浙江省温岭市滨海镇利欧路1号,I 信息技术
002132,恒星科技,河南恒星科技股份有限公司,河南省巩义市康店镇焦湾村,C 制造业
002133,广宇集团,广宇集团股份有限公司,浙江省杭州市平海路8号,K 房地产
002134,天津普林,天津普林电路股份有限公司,天津市空港经济区航海路53号,C 制造业
002135,东南网架,浙江东南网架股份有限公司,浙江省杭州市萧山区衙前镇,E 建筑业
002136,安 纳 达,安徽安纳达钛业股份有限公司,安徽省铜陵市铜官大道,C 制造业
002137,麦达数字,深圳市麦达数字股份有限公司,广东省深圳市龙岗区宝龙工业城宝龙六路实益达科技园,C 制造业
002138,顺络电子,深圳顺络电子股份有限公司,广东省深圳市龙华区观澜街道大富苑工业区顺络观澜工业园,C 制造业
002139,拓邦股份,深圳拓邦股份有限公司,广东省深圳市南山区高新技术产业园清华大学研究院B区413房,C 制造业
002140,东华科技,东华工程科技股份有限公司,安徽省合肥市长江西路669号高新技术产业开发区内,E 建筑业
002141,贤丰控股,贤丰控股股份有限公司,广东省珠海市金湾区三灶镇三灶科技工业园,C 制造业
002142,宁波银行,宁波银行股份有限公司,浙江省宁波市鄞州区宁东路345号,J 金融业
002144,宏达高科,宏达高科控股股份有限公司,浙江省海宁市许村镇建设路118号,C 制造业
002145,中核钛白,中核华原钛白股份有限公司,甘肃省嘉峪关市东湖国际2栋1单元401号,C 制造业
002146,荣盛发展,荣盛房地产发展股份有限公司,河北省廊坊市经济技术开发区祥云道81号,K 房地产
002147,*ST新光,新光圆成股份有限公司,安徽省马鞍山市经济技术开发区超山西路,K 房地产
002148,北纬科技,北京北纬通信科技股份有限公司,北京市丰台区西四环南路19号九号楼247室,I 信息技术
002149,西部材料,西部金属材料股份有限公司,陕西省西安市经开区泾渭工业园西金路西段15号,C 制造业
002150,通润装备,江苏通润装备科技股份有限公司,江苏省常熟市海虞镇周行通港工业开发区,C 制造业
002151,北斗星通,北京北斗星通导航技术股份有限公司,北京市海淀区丰贤东路7号北斗星通大厦南楼二层,C 制造业
002152,广电运通,广州广电运通金融电子股份有限公司,广东省广州市高新技术产业开发区科学城科林路9、11号,C 制造业
002153,石基信息,北京中长石基信息技术股份有限公司,北京市海淀区复兴路甲65号-A11层,I 信息技术
002154,报 喜 鸟,报喜鸟控股股份有限公司,浙江省永嘉县瓯北街道双塔路2299号,C 制造业
002155,湖南黄金,湖南黄金股份有限公司,湖南省长沙经济技术开发区人民东路211号1号栋9楼,B 采矿业
002156,通富微电,通富微电子股份有限公司,江苏省南通市崇川开发区崇川路288号,C 制造业
002157,正邦科技,江西正邦科技股份有限公司,江西省南昌高新技术开发区艾溪湖一路569号,C 制造业
002158,汉钟精机,上海汉钟精机股份有限公司,上海市金山区枫泾工业开发区亭枫公路8289号,C 制造业
002159,三特索道,武汉三特索道集团股份有限公司,湖北省武汉市东湖新技术开发区关山一路特1号光谷软件园D1栋,N 公共环保
002160,常铝股份,江苏常铝铝业集团股份有限公司,江苏省常熟市古里镇白茆西,C 制造业
002161,远 望 谷,深圳市远望谷信息技术股份有限公司,广东省深圳市南山区粤海街道高新南十道63号高新区联合总部大厦27、28楼,C 制造业
002162,悦心健康,上海悦心健康集团股份有限公司,上海市闵行区浦江镇三鲁公路2121号,C 制造业
002163,中航三鑫,中航三鑫股份有限公司,广东省深圳市南山区南海大道2061号新保辉大厦17层,E 建筑业
002164,宁波东力,宁波东力股份有限公司,浙江省宁波市江北区银海路1号,C 制造业
002165,红 宝 丽,红宝丽集团股份有限公司,江苏省南京市高淳区经济开发区双高路29号,C 制造业
002166,莱茵生物,桂林莱茵生物科技股份有限公司,广西壮族自治区桂林市临桂区人民南路19号,C 制造业
002167,东方锆业,广东东方锆业科技股份有限公司,广东省汕头市澄海区莱美路宇田科技园,C 制造业
002168,惠程科技,深圳市惠程信息科技股份有限公司,广东省深圳市坪山区大工业区兰景路以东、锦绣路以南惠程科技工业厂区,C 制造业
002169,智光电气,广州智光电气股份有限公司,广东省广州市黄埔区云埔工业区埔南路51号,C 制造业
002170,芭田股份,深圳市芭田生态工程股份有限公司,广东省深圳市南山区高新技术园学府路63号联合总部大厦30-31楼,C 制造业
002171,楚江新材,安徽楚江科技新材料股份有限公司,安徽省芜湖市九华北路8号,C 制造业
002172,澳洋健康,江苏澳洋健康产业股份有限公司,江苏省张家港市杨舍镇塘市镇中路018号,C 制造业
002173,创新医疗,创新医疗管理股份有限公司,浙江省诸暨市山下湖镇郑家湖村,Q 卫生
002174,游族网络,游族网络股份有限公司,福建省晋江市经济开发区安东园金山路31号,I 信息技术
002175,*ST东网,东方时代网络传媒股份有限公司,广西壮族自治区桂林市七星区临江路234号,I 信息技术
002176,*ST江特,江西特种电机股份有限公司,江西省宜春市环城南路581号,C 制造业
002177,御银股份,广州御银科技股份有限公司,广东省广州市天河区高唐路234号202房,C 制造业
002178,延华智能,上海延华智能科技(集团)股份有限公司,上海市普陀区西康路1255号6楼602室,M 科研服务
002179,中航光电,中航光电科技股份有限公司,中国（河南）自由贸易区试验区洛阳片区洛阳高新技术开发区周山路10号,C 制造业
002180,纳思达,纳思达股份有限公司,广东省珠海市香洲区珠海大道3883号01栋2楼、7楼B区，02栋1楼A区、2楼，03栋，04栋1至5楼，05栋,C 制造业
002181,粤 传 媒,广东广州日报传媒股份有限公司,广东省广州市白云区增槎路1113号,L 商务服务
002182,云海金属,南京云海特种金属股份有限公司,江苏省南京市溧水经济开发区秀山东路9号,C 制造业
002183,怡 亚 通,深圳市怡亚通供应链股份有限公司,广东省深圳市宝安区新安街道兴华路南侧荣超滨海大厦A座1713,L 商务服务
002184,海得控制,上海海得控制系统股份有限公司,上海市闵行区漕河泾开发区浦江高科技园新骏环路777号,C 制造业
002185,华天科技,天水华天科技股份有限公司,甘肃省天水市秦州区双桥路14号,C 制造业
002186,全 聚 德,中国全聚德(集团)股份有限公司,北京市宣武区前门西河沿217号,H 住宿餐饮
002187,广百股份,广州市广百股份有限公司,广东省广州市越秀区西湖路12号,F 批发零售
002188,*ST巴士,巴士在线股份有限公司,浙江省嘉善县经济开发区东升路36号,L 商务服务
002189,中光学,中光学集团股份有限公司,河南省南阳市工业南路508号,C 制造业
002190,*ST集成,四川成飞集成科技股份有限公司,四川省成都高新区高朋大道5号（创新服务中心）,C 制造业
002191,劲嘉股份,深圳劲嘉集团股份有限公司,广东省深圳市南山区科技中二路劲嘉科技大厦18-19层,C 制造业
002192,*ST融捷,融捷股份有限公司,广东省广州市天河区珠江西路5号广州国际金融中心主塔写字楼第45层04-05单元,C 制造业
002193,如意集团,山东如意毛纺服装集团股份有限公司,山东省济宁市高新区如意工业园,C 制造业
002194,武汉凡谷,武汉凡谷电子技术股份有限公司,湖北省武汉市洪山区关东科技园三号区二号楼,C 制造业
002195,二三四五,上海二三四五网络控股集团股份有限公司,上海市徐汇区宜山路700号85幢6楼,I 信息技术
002196,方正电机,浙江方正电机股份有限公司,浙江省丽水市莲都区水阁工业区石牛路73号,C 制造业
002197,证通电子,深圳市证通电子股份有限公司,广东省深圳市南山区粤海街道西海岸大厦18楼,C 制造业
002198,嘉应制药,广东嘉应制药股份有限公司,广东省梅州市东升工业园B区,C 制造业
002199,东晶电子,浙江东晶电子股份有限公司,浙江省金华市宾虹西路555号,C 制造业
002200,ST云投,云南云投生态环境科技股份有限公司,云南省昆明市经济技术开发区经浦路6号,A 农林牧渔
002201,九鼎新材,江苏九鼎新材料股份有限公司,江苏省如皋市中山东路1号,C 制造业
002202,金风科技,新疆金风科技股份有限公司,新疆维吾尔自治区乌鲁木齐市经济技术开发区上海路107号,C 制造业
002203,海亮股份,浙江海亮股份有限公司,浙江省诸暨市店口镇工业区,C 制造业
002204,大连重工,大连华锐重工集团股份有限公司,辽宁省大连市西岗区八一路169号,C 制造业
002205,国统股份,新疆国统管道股份有限公司,新疆维吾尔自治区乌鲁木齐市林泉西路765号,C 制造业
002206,海 利 得,浙江海利得新材料股份有限公司,浙江省海宁市马桥镇经编园区内,C 制造业
002207,ST准油,新疆准东石油技术股份有限公司,新疆维吾尔自治区克拉玛依市友谊路251号,B 采矿业
002208,合肥城建,合肥城建发展股份有限公司,安徽省合肥市蜀山区潜山路100号琥珀五环城和颂阁1幢201,K 房地产
002209,达 意 隆,广州达意隆包装机械股份有限公司,广东省广州市黄埔区云埔一路23号,C 制造业
002210,*ST飞马,深圳市飞马国际供应链股份有限公司,广东省深圳市南山区大新路198号马家龙创新大厦A栋601,L 商务服务
002211,宏达新材,上海宏达新材料股份有限公司,上海市闵行区春常路18号1幢2层A区,C 制造业
002212,南洋股份,南洋天融信科技集团股份有限公司,广东省汕头市珠津工业区珠津二街1号,C 制造业
002213,特 尔 佳,深圳市特尔佳科技股份有限公司,广东省深圳市南山区粤海街道高新区社区科技南路18号深圳湾科技生态园12栋A1406,C 制造业
002214,大立科技,浙江大立科技股份有限公司,浙江省杭州市滨江区滨康路639号,C 制造业
002215,诺 普 信,深圳诺普信农化股份有限公司,广东省深圳市宝安区西乡水库路113号,C 制造业
002216,三全食品,三全食品股份有限公司,河南省郑州市综合投资区长兴路中段,C 制造业
002217,合力泰,合力泰科技股份有限公司,福建省莆田市涵江区新涵工业园区涵中西路,C 制造业
002218,拓日新能,深圳市拓日新能源科技股份有限公司,广东省深圳市南山区侨城北路香年广场[南区]主楼（A座）栋―座8层802、803、804号房,C 制造业
002219,*ST恒康,恒康医疗集团股份有限公司,甘肃省陇南市康县王坝独一味工业园区,C 制造业
002220,*ST天宝,大连天宝绿色食品股份有限公司,辽宁省大连市金州区拥政街道三里村624号,C 制造业
002221,东华能源,东华能源股份有限公司,江苏省张家港保税区出口加工区东华路668号,F 批发零售
002222,福晶科技,福建福晶科技股份有限公司,福建省福州市鼓楼区软件大道89号福州软件园F区9号楼,C 制造业
002223,鱼跃医疗,江苏鱼跃医疗设备股份有限公司,江苏省丹阳市云阳工业园(振新路南),C 制造业
002224,三 力 士,三力士股份有限公司,浙江省绍兴县柯岩街道余渚村,C 制造业
002225,濮耐股份,濮阳濮耐高温材料（集团）股份有限公司,河南省濮阳县西环路中段,C 制造业
002226,江南化工,安徽江南化工股份有限公司,安徽省宁国市港口镇分界山,C 制造业
002227,奥 特 迅,深圳奥特迅电力设备股份有限公司,广东省深圳市南山区高新技术产业园北区松坪山路3号奥特迅电力大厦,C 制造业
002228,合兴包装,厦门合兴包装印刷股份有限公司,福建省厦门市同安区同集北路556号,C 制造业
002229,鸿博股份,鸿博股份有限公司,福建省福州市仓山区金山开发区金达路136号,C 制造业
002230,科大讯飞,科大讯飞股份有限公司,安徽省合肥市高新开发区望江西路666号,I 信息技术
002231,奥维通信,奥维通信股份有限公司,辽宁省沈阳市浑南新区高歌路6号,C 制造业
002232,启明信息,启明信息技术股份有限公司,吉林省长春净月高新技术产业开发区百合街1009号,I 信息技术
002233,塔牌集团,广东塔牌集团股份有限公司,广东省梅州市蕉岭县蕉城镇（塔牌大厦）,C 制造业
002234,民和股份,山东民和牧业股份有限公司,山东省蓬莱市西郊,A 农林牧渔
002235,安妮股份,厦门安妮股份有限公司,福建省厦门市集美区杏林锦园南路99号,I 信息技术
002236,大华股份,浙江大华技术股份有限公司,浙江省杭州市滨江区滨安路1187号,C 制造业
002237,恒邦股份,山东恒邦冶炼股份有限公司,山东省烟台市牟平区水道镇,C 制造业
002238,天威视讯,深圳市天威视讯股份有限公司,广东省深圳市福田区彩田路6001号,I 信息技术
002239,奥特佳,奥特佳新能源科技股份有限公司,江苏省南通高新技术产业开发区文昌路666号,C 制造业
002240,威华股份,广东威华股份有限公司,广东省深圳市福田区华富街道华富路1018号中航中心31楼3101-3102,C 制造业
002241,歌尔股份,歌尔股份有限公司,山东省潍坊高新技术产业开发区东方路268号,C 制造业
002242,九阳股份,九阳股份有限公司,山东省济南市槐荫区美里路999号,C 制造业
002243,通产丽星,深圳市通产丽星股份有限公司,广东省深圳市龙岗区龙岗大道(坪地段)1001号,C 制造业
002244,滨江集团,杭州滨江房产集团股份有限公司,浙江省杭州市庆春东路38号,K 房地产
002245,澳洋顺昌,江苏澳洋顺昌股份有限公司,江苏省张家港市杨舍镇新泾中路10号,G 运输仓储
002246,北化股份,四川北方硝化棉股份有限公司,四川省泸州市高坝,C 制造业
002247,*ST聚力,浙江聚力文化发展股份有限公司,浙江省临安市玲珑街道玲珑工业区环南路1958号,I 信息技术
002248,华东数控,威海华东数控股份有限公司,山东省威海经济技术开发区环山路698号,C 制造业
002249,大洋电机,中山大洋电机股份有限公司,广东省中山市翠亨新区和丽路22号和中山市西区沙朗第三工业区金昌路15号,C 制造业
002250,联化科技,联化科技股份有限公司,浙江省台州市黄岩经济开发区永椒路8号,C 制造业
002251,步 步 高,步步高商业连锁股份有限公司,湖南省湘潭市韶山西路309号步步高大厦,F 批发零售
002252,上海莱士,上海莱士血液制品股份有限公司,上海市奉贤区望园路2009号,C 制造业
002253,川大智胜,四川川大智胜软件股份有限公司,四川省成都市武科东一路七号,I 信息技术
002254,泰和新材,烟台泰和新材料股份有限公司,山东省烟台经济技术开发区黑龙江路10号,C 制造业
002255,*ST海陆,苏州海陆重工股份有限公司,江苏省张家港市东南大道1号（张家港经济技术开发区）,C 制造业
002256,*ST兆新,深圳市兆新能源股份有限公司,广东省深圳市罗湖区笋岗街道笋西社区梨园路8号HALO广场一期五层,C 制造业
002258,利尔化学,利尔化学股份有限公司,四川省绵阳经济技术开发区,C 制造业
002259,*ST升达,四川升达林业产业股份有限公司,四川省成都市锦江区东华正街42号,D 水电煤气
002260,*ST德奥,德奥通用航空股份有限公司,广东省佛山市南海区松岗松夏工业园工业大道西,C 制造业
002261,拓维信息,拓维信息系统股份有限公司,湖南省长沙市岳麓区桐梓坡西路298号,I 信息技术
002262,恩华药业,江苏恩华药业股份有限公司,江苏省徐州经济开发区杨山路18号,C 制造业
002263,大东南,浙江大东南股份有限公司,浙江省诸暨市城西工业区,C 制造业
002264,新 华 都,新华都购物广场股份有限公司,福建省厦门市思明区香莲里28号莲花广场商业中心二层237-263单元,F 批发零售
002265,西仪股份,云南西仪工业股份有限公司,云南省昆明市西山区海口镇山冲,C 制造业
002266,浙富控股,浙富控股集团股份有限公司,浙江省桐庐县县城迎春南路177号浙富大厦25F,C 制造业
002267,陕天然气,陕西省天然气股份有限公司,陕西省西安市经济技术开发区A1区,D 水电煤气
002268,卫 士 通,成都卫士通信息产业股份有限公司,四川省成都高新技术产业开发区云华路333号,I 信息技术
002269,美邦服饰,上海美特斯邦威服饰股份有限公司,中国（上海）自由贸易试验区康桥东路800号,C 制造业
002270,华明装备,华明电力装备股份有限公司,山东省济南市天辰大街389号,C 制造业
002271,东方雨虹,北京东方雨虹防水技术股份有限公司,北京市顺义区顺平路沙岭段甲2号,C 制造业
002272,川润股份,四川川润股份有限公司,四川省自贡市高新工业园区荣川路1号,C 制造业
002273,水晶光电,浙江水晶光电科技股份有限公司,浙江省台州市椒江区星星电子产业园区A5号,C 制造业
002274,华昌化工,江苏华昌化工股份有限公司,江苏省张家港市金港镇保税区扬子江国际化学工业园南海路1号,C 制造业
002275,桂林三金,桂林三金药业股份有限公司,广西壮族自治区桂林市临桂区人民南路9号,C 制造业
002276,万马股份,浙江万马股份有限公司,浙江省杭州市临安区青山湖街道鹤亭街896号,C 制造业
002277,友阿股份,湖南友谊阿波罗商业股份有限公司,湖南省长沙市芙蓉区八一路1号,F 批发零售
002278,神开股份,上海神开石油化工装备股份有限公司,上海市闵行区浦星公路1769号,C 制造业
002279,久其软件,北京久其软件股份有限公司,北京市海淀区文慧园甲12号楼1层,I 信息技术
002280,联络互动,杭州联络互动信息科技股份有限公司,浙江省杭州市滨江区物联网街451号芯图大厦18层,I 信息技术
002281,光迅科技,武汉光迅科技股份有限公司,湖北省武汉市洪山区邮科院路88号,C 制造业
002282,博深股份,博深股份有限公司,河北省石家庄市高新区长江大道289号,C 制造业
002283,天润工业,天润工业技术股份有限公司,山东省威海市文登区天润路2-13号,C 制造业
002284,亚太股份,浙江亚太机电股份有限公司,浙江省杭州市萧山区蜀山街道亚太路1399号,C 制造业
002285,世联行,深圳世联行集团股份有限公司,广东省深圳市罗湖区深南东路2028号罗湖商务中心12楼,K 房地产
002286,保龄宝,保龄宝生物股份有限公司,山东省德州（禹城）国家高新技术产业开发区东外环路1号,C 制造业
002287,奇正藏药,西藏奇正藏药股份有限公司,西藏自治区林芝市巴宜区德吉路2号,C 制造业
002288,超华科技,广东超华科技股份有限公司,广东省梅州市梅县区宪梓南路19号,C 制造业
002289,*ST宇顺,深圳市宇顺电子股份有限公司,广东省深圳市南山区粤海街道深圳市软件产业基地1栋A座13层1302,C 制造业
002290,*ST中科,苏州中科创新型材料股份有限公司,江苏省苏州工业园区旺墩路135号融盛商务中心1幢2408室,C 制造业
002291,星期六,星期六股份有限公司,广东省佛山市南海区桂城街道庆安路2号,C 制造业
002292,奥飞娱乐,奥飞娱乐股份有限公司,广东省汕头市澄海区文冠路中段奥迪工业园,C 制造业
002293,罗莱生活,罗莱生活科技股份有限公司,江苏省南通市经济技术开发区星湖大道1699号,C 制造业
002294,信立泰,深圳信立泰药业股份有限公司,广东省深圳市福田区深南大道6009号车公庙绿景广场主楼37层,C 制造业
002295,精艺股份,广东精艺金属股份有限公司,广东省佛山市顺德区北滘镇西海工业区,C 制造业
002296,辉煌科技,河南辉煌科技股份有限公司,河南省郑州市高新技术产业开发区科学大道74号,C 制造业
002297,博云新材,湖南博云新材料股份有限公司,湖南省长沙市河西国家级高新技术产业开发区麓谷麓松路500号,C 制造业
002298,中电兴发,安徽中电兴发与鑫龙科技股份有限公司,安徽省芜湖市经济技术开发区电器部件工业园(九华北路118号),I 信息技术
002299,圣农发展,福建圣农发展股份有限公司,福建省光泽县十里铺圣农总部办公大楼,A 农林牧渔
002300,太阳电缆,福建南平太阳电缆股份有限公司,福建省南平市工业路102号,C 制造业
002301,齐心集团,深圳齐心集团股份有限公司,广东省深圳市福田区福虹路世贸广场A幢17楼05-06号,C 制造业
002302,西部建设,中建西部建设股份有限公司,新疆维吾尔自治区乌鲁木齐市经济技术开发区泰山路268号,C 制造业
002303,美盈森,美盈森集团股份有限公司,广东省深圳市光明新区光明新陂头村美盈森厂区A栋,C 制造业
002304,洋河股份,江苏洋河酒厂股份有限公司,江苏省宿迁市洋河镇中大街118号,C 制造业
002305,南国置业,南国置业股份有限公司,湖北省武汉市武昌区南湖中央花园会所,K 房地产
002306,ST云网,中科云网科技集团股份有限公司,北京市海淀区马甸东路19号9层1017,H 住宿餐饮
002307,北新路桥,新疆北新路桥集团股份有限公司,新疆维吾尔自治区乌鲁木齐市高新区高新街217号盈科广场A座16-17层,E 建筑业
002308,威创股份,威创集团股份有限公司,广东省广州高新技术产业开发区科珠路233号,C 制造业
002309,中利集团,江苏中利集团股份有限公司,江苏省常熟东南经济开发区,C 制造业
002310,东方园林,北京东方园林环境股份有限公司,北京市朝阳区酒仙桥北路甲10号院104号楼6层601号,E 建筑业
002311,海大集团,广东海大集团股份有限公司,广东省广州市番禺区南村镇万博四路42号2座701,C 制造业
002312,三泰控股,成都三泰控股集团股份有限公司,四川省成都市金牛区高科技产业园区蜀西路42号,C 制造业
002313,日海智能,日海智能科技股份有限公司,广东省深圳市南山区大新路198号马家龙创新大厦17层1701,C 制造业
002314,南山控股,深圳市新南山控股（集团）股份有限公司,广东省深圳市南山区招商街道赤湾社区赤湾六路8号南山开发集团赤湾总部大厦2501,K 房地产
002315,焦点科技,焦点科技股份有限公司,江苏省南京市高新开发区星火路软件大厦A座12F,I 信息技术
002316,亚联发展,深圳亚联发展科技股份有限公司,广东省深圳市南山区粤海街道高新区社区科技南一路28号达实大厦1902,I 信息技术
002317,众生药业,广东众生药业股份有限公司,广东省东莞市石龙镇西湖工业区信息产业园,C 制造业
002318,久立特材,浙江久立特材科技股份有限公司,浙江省湖州市双林镇镇西,C 制造业
002319,*ST乐通,珠海市乐通化工股份有限公司,广东省珠海市金鼎官塘乐通工业园,C 制造业
002320,海峡股份,海南海峡航运股份有限公司,海南省海口市滨海大道157号港航大厦14楼,G 运输仓储
002321,华英农业,河南华英农业发展股份有限公司,河南省潢川县产业集聚区工业大道1号,A 农林牧渔
002322,理工环科,宁波理工环境能源科技股份有限公司,浙江省宁波市保税区曹娥江路22号,I 信息技术
002323,*ST雅博,山东雅博科技股份有限公司,山东省枣庄市市中区东海路17号,E 建筑业
002324,普利特,上海普利特复合材料股份有限公司,上海市青浦区赵巷镇沪青平公路2855弄1号12楼,C 制造业
002325,洪涛股份,深圳洪涛集团股份有限公司,广东省深圳市罗湖区泥岗西洪涛路17号,E 建筑业
002326,永太科技,浙江永太科技股份有限公司,浙江省化学原料药基地临海园区东海第五大道1号,C 制造业
002327,富安娜,深圳市富安娜家居用品股份有限公司,广东省深圳市南山区创业南油大道西路自行车加工厂1栋,C 制造业
002328,新朋股份,上海新朋实业股份有限公司,上海市青浦区华新镇华隆路1698号,C 制造业
002329,皇氏集团,皇氏集团股份有限公司,广西壮族自治区南宁市高新区丰达路65号,C 制造业
002330,得利斯,山东得利斯食品股份有限公司,山东省诸城市昌城镇驻地,C 制造业
002331,皖通科技,安徽皖通科技股份有限公司,安徽省合肥市高新区皖水路589号,I 信息技术
002332,仙琚制药,浙江仙琚制药股份有限公司,浙江省仙居县仙药路1号,C 制造业
002333,*ST罗普,苏州罗普斯金铝业股份有限公司,江苏省苏州市相城区黄埭镇潘阳工业园太东路2777号,C 制造业
002334,英威腾,深圳市英威腾电气股份有限公司,广东省深圳市南山区桃源街道长源社区学苑大道南山智园A7栋501,C 制造业
002335,科华恒盛,科华恒盛股份有限公司,福建省厦门火炬高新区火炬园马垄路457号,C 制造业
002336,*ST人乐,人人乐连锁商业集团股份有限公司,广东省深圳市宝安区石岩街道洲石路北侧人人乐物流中心主楼二层,F 批发零售
002337,赛象科技,天津赛象科技股份有限公司,天津市华苑新技术产业园区(环外)海泰发展四道9号,C 制造业
002338,奥普光电,长春奥普光电技术股份有限公司,吉林省长春市经济技术开发区营口路588号,C 制造业
002339,积成电子,积成电子股份有限公司,山东省济南市科航路1677号,C 制造业
002340,格林美,格林美股份有限公司,广东省深圳市宝安区宝安中心区兴华路南侧荣超滨海大厦A栋20层2008号房,C 制造业
002341,新纶科技,深圳市新纶科技股份有限公司,广东省深圳市南山区南海大道3025号创意大厦13-14楼,C 制造业
002342,巨力索具,巨力索具股份有限公司,河北省保定市徐水区巨力路,C 制造业
002343,慈文传媒,慈文传媒股份有限公司,浙江省嘉兴市昌盛南路36号嘉兴智慧产业创新园智慧大厦B座1001室,R 文化传播
002344,海宁皮城,海宁中国皮革城股份有限公司,浙江省海宁市海州西路201号,L 商务服务
002345,潮宏基,广东潮宏基实业股份有限公司,广东省汕头市龙湖区龙新工业区龙新五街四号1-4楼,C 制造业
002346,柘中股份,上海柘中集团股份有限公司,上海市奉贤区联合北路215号第5幢2501室,C 制造业
002347,泰尔股份,泰尔重工股份有限公司,安徽省马鞍山市经济技术开发区超山路669号,C 制造业
002348,高乐股份,广东高乐股份有限公司,广东省普宁市池尾街道塘边村塘边里东片168号,C 制造业
002349,精华制药,精华制药集团股份有限公司,江苏省南通市港闸经济开发区兴泰路9号,C 制造业
002350,北京科锐,北京科锐配电自动化股份有限公司,北京市海淀区西北旺东路10号院东区4号楼107,C 制造业
002351,漫步者,深圳市漫步者科技股份有限公司,广东省深圳市南山区科技园深南大道9998号万利达科技大厦22层9单元,C 制造业
002352,顺丰控股,顺丰控股股份有限公司,广东省深圳市宝安区福永大道303号万福大厦8楼801室,G 运输仓储
002353,杰瑞股份,烟台杰瑞石油服务集团股份有限公司,山东省烟台市莱山区杰瑞路5号,C 制造业
002354,*ST天娱,大连天神娱乐股份有限公司,辽宁省大连市中山区致富街31号905单元,I 信息技术
002355,兴民智通,兴民智通（集团）股份有限公司,山东省龙口市龙口经济开发区,C 制造业
002356,*ST赫美,深圳赫美集团股份有限公司,广东省深圳市坪山新区金牛西路16号华瀚科技工业2号厂房218A,F 批发零售
002357,富临运业,四川富临运业集团股份有限公司,四川省绵阳市绵州大道北段98号,G 运输仓储
002358,森源电气,河南森源电气股份有限公司,河南省长葛市魏武路南段西侧,C 制造业
002359,*ST北讯,北讯集团股份有限公司,广东省深圳市南山区南头街道大新路马家龙创新大厦A座10层,I 信息技术
002360,同德化工,山西同德化工股份有限公司,山西省河曲县文笔镇焦尾城大茂口,C 制造业
002361,神剑股份,安徽神剑新材料股份有限公司,安徽省芜湖经济技术开发区桥北工业园保顺路8号,C 制造业
002362,汉王科技,汉王科技股份有限公司,北京市海淀区东北旺西路8号5号楼三层,C 制造业
002363,隆基机械,山东隆基机械股份有限公司,山东省龙口市外向型经济开发区,C 制造业
002364,中恒电气,杭州中恒电气股份有限公司,浙江省杭州市高新区之江科技工业园东信大道69号,C 制造业
002365,永安药业,潜江永安药业股份有限公司,湖北省潜江经济开发区广泽大道2号,C 制造业
002366,台海核电,台海玛努尔核电设备股份有限公司,四川省青神县黑龙镇,C 制造业
002367,康力电梯,康力电梯股份有限公司,江苏省汾湖高新技术产业开发区康力大道888号,C 制造业
002368,太极股份,太极计算机股份有限公司,北京市海淀区北四环中路211号,I 信息技术
002369,卓翼科技,深圳市卓翼科技股份有限公司,广东省深圳市南山区西丽平山民企科技工业园5栋,C 制造业
002370,亚太药业,浙江亚太药业股份有限公司,浙江省绍兴市柯桥区云集路1152号,C 制造业
002371,北方华创,北方华创科技集团股份有限公司,北京市朝阳区酒仙桥东路1号,C 制造业
002372,伟星新材,浙江伟星新型建材股份有限公司,浙江省临海经济开发区,C 制造业
002373,千方科技,北京千方科技股份有限公司,北京市海淀区东北旺西路8号中关村软件园一期27号楼B座501号,I 信息技术
002374,丽鹏股份,山东丽鹏股份有限公司,山东省烟台市牟平区姜格庄街道办事处丽鹏路1号,E 建筑业
002375,亚厦股份,浙江亚厦装饰股份有限公司,浙江省上虞市章镇工业新区,E 建筑业
002376,新北洋,山东新北洋信息技术股份有限公司,山东省威海市火炬高技术产业开发区火炬路169号,C 制造业
002377,国创高新,湖北国创高新材料股份有限公司,湖北省武汉市东湖新技术开发区武大园三路8号,K 房地产
002378,章源钨业,崇义章源钨业股份有限公司,江西省赣州市崇义县城塔下,C 制造业
002379,宏创控股,山东宏创铝业控股股份有限公司,山东省滨州市博兴县经济开发区兴业四路南100米,C 制造业
002380,科远智慧,南京科远智慧科技集团股份有限公司,江苏省南京市江宁区秣陵街道清水亭东路1266号,I 信息技术
002381,双箭股份,浙江双箭橡胶股份有限公司,浙江省桐乡市洲泉镇晚村,C 制造业
002382,蓝帆医疗,蓝帆医疗股份有限公司,山东省淄博市齐鲁化学工业区清田路21号,C 制造业
002383,合众思壮,北京合众思壮科技股份有限公司,北京市海淀区知春路118号知春大厦1501室,C 制造业
002384,东山精密,苏州东山精密制造股份有限公司,江苏省苏州吴中经济开发区塘东路88号,C 制造业
002385,大北农,北京大北农科技集团股份有限公司,北京市海淀区中关村大街27号1901A,C 制造业
002386,天原集团,宜宾天原集团股份有限公司,四川省宜宾临港经济技术开发区港园路西段61号,C 制造业
002387,维信诺,维信诺科技股份有限公司,江苏省苏州市昆山开发区夏东街658号1801室,C 制造业
002388,新亚制程,深圳市新亚电子制程股份有限公司,广东省深圳市福田区中康路卓越梅林中心广场（北区）1栋306A,C 制造业
002389,航天彩虹,航天彩虹无人机股份有限公司,浙江省台州市台州湾集聚区海豪路788号,C 制造业
002390,信邦制药,贵州信邦制药股份有限公司,贵州省黔南布依族苗族自治州罗甸县龙坪镇信邦大道48号,C 制造业
002391,长青股份,江苏长青农化股份有限公司,江苏省扬州市江都经济开发区三江大道8号,C 制造业
002392,北京利尔,北京利尔高温材料股份有限公司,北京市昌平区小汤山镇小汤山工业园4号楼,C 制造业
002393,力生制药,天津力生制药股份有限公司,天津市西青经济技术开发区赛达北一道16号,C 制造业
002394,联发股份,江苏联发纺织股份有限公司,江苏省南通市海安市城东镇恒联路88号,C 制造业
002395,双象股份,无锡双象超纤材料股份有限公司,江苏省无锡市新吴区鸿山街道后宅中路188号,C 制造业
002396,星网锐捷,福建星网锐捷通讯股份有限公司,福建省福州市仓山区金山大道618号桔园洲星网锐捷科技园19-22栋,C 制造业
002397,梦洁股份,湖南梦洁家纺股份有限公司,湖南省长沙市高新技术产业开发区麓谷产业基地谷苑路168号,C 制造业
002398,垒知集团,垒知控股集团股份有限公司,福建省厦门市思明区湖滨南路62号,M 科研服务
002399,海普瑞,深圳市海普瑞药业集团股份有限公司,广东省深圳市南山区松坪山郎山路21号,C 制造业
002400,省广集团,广东省广告集团股份有限公司,广东省广州市海珠区新港东路996号保利世界贸易中心G座,L 商务服务
002401,中远海科,中远海运科技股份有限公司,上海市自由贸易试验区民生路600号,I 信息技术
002402,和而泰,深圳和而泰智能控制股份有限公司,广东省深圳市南山区高新南区科技南十路6号深圳航天科技创新研究院大厦D座10楼1010-1011,C 制造业
002403,爱仕达,爱仕达股份有限公司,浙江省台州市温岭市东部新区第四街1号,C 制造业
002404,嘉欣丝绸,浙江嘉欣丝绸股份有限公司,浙江省嘉兴市中环西路588号,C 制造业
002405,四维图新,北京四维图新科技股份有限公司,北京市海淀区学院路7号弘彧大厦10层1002A室,I 信息技术
002406,远东传动,许昌远东传动轴股份有限公司,河南省许昌市北郊尚集镇,C 制造业
002407,多氟多,多氟多化工股份有限公司,河南省焦作市中站区焦克路,C 制造业
002408,齐翔腾达,淄博齐翔腾达化工股份有限公司,山东省淄博市临淄区胶厂南路1号,C 制造业
002409,雅克科技,江苏雅克科技股份有限公司,江苏省无锡宜兴经济开发区荆溪北路16号,C 制造业
002410,广联达,广联达科技股份有限公司,北京市海淀区西北旺东路10号院东区13号楼,I 信息技术
002411,延安必康,延安必康制药股份有限公司,陕西省延安市宝塔区新区创新创业小镇E区,C 制造业
002412,汉森制药,湖南汉森制药股份有限公司,湖南省益阳市银城南路龙岭工业园,C 制造业
002413,雷科防务,江苏雷科防务科技股份有限公司,江苏省常州市武进区礼嘉镇建东村建华路南,C 制造业
002414,高德红外,武汉高德红外股份有限公司,湖北省武汉市东湖开发区黄龙山南路6号,C 制造业
002415,海康威视,杭州海康威视数字技术股份有限公司,浙江省杭州市滨江区阡陌路555号,C 制造业
002416,爱施德,深圳市爱施德股份有限公司,广东省深圳市福田区泰然大道东泰然劲松大厦20F,F 批发零售
002417,深南股份,深南金科股份有限公司,江苏省南通市港闸区江海佳苑19幢1801室,I 信息技术
002418,*ST康盛,浙江康盛股份有限公司,浙江省杭州市淳安县千岛湖镇康盛路268号,C 制造业
002419,天虹股份,天虹商场股份有限公司,广东省深圳市南山区中心路（深圳湾段）3019号天虹大厦9-14楼、17-20楼,F 批发零售
002420,*ST毅昌,广州毅昌科技股份有限公司,广东省广州市高新技术产业开发区科学城科丰路29号,C 制造业
002421,达实智能,深圳达实智能股份有限公司,广东省深圳市南山区高新技术产业园W1-A栋5楼,I 信息技术
002422,科伦药业,四川科伦药业股份有限公司,四川省成都市新都卫星城工业开发区南二路,C 制造业
002423,中粮资本,中粮资本控股股份有限公司,河南省济源市承留镇小寨村,J 金融业
002424,贵州百灵,贵州百灵企业集团制药股份有限公司,贵州省安顺市经济技术开发区西航路212号,C 制造业
002425,凯撒文化,凯撒（中国）文化股份有限公司,广东省汕头市龙湖珠津工业区一街3号凯撒工业城,I 信息技术
002426,*ST胜利,苏州胜利精密制造科技股份有限公司,江苏省苏州市高新区浒关工业园浒泾路55号,C 制造业
002427,*ST尤夫,浙江尤夫高新纤维股份有限公司,浙江省湖州市和孚镇工业园区,C 制造业
002428,云南锗业,云南临沧鑫圆锗业股份有限公司,云南省临沧市临翔区忙畔街道办事处忙畔社区喜鹊窝组168号,C 制造业
002429,兆驰股份,深圳市兆驰股份有限公司,广东省深圳市龙岗区南湾街道下李朗社区李朗路一号兆驰创新产业园,C 制造业
002430,杭氧股份,杭州制氧机集团股份有限公司,浙江省杭州市临安区青山湖街道相府路799号,C 制造业
002431,棕榈股份,棕榈生态城镇发展股份有限公司,河南省郑州市郑东新区俊贤路38号森大郑东1号项目一期3号楼5层11号铺,E 建筑业
002432,九安医疗,天津九安医疗电子股份有限公司,天津市南开区雅安道金平路3号,C 制造业
002433,太安堂,广东太安堂药业股份有限公司,广东省汕头市金园工业区11R2-2片区第1、2座,C 制造业
002434,万里扬,浙江万里扬股份有限公司,浙江省金华市宾虹西路3999号,C 制造业
002435,长江健康,长江润发健康产业股份有限公司,江苏省张家港市金港镇晨丰公路,C 制造业
002436,兴森科技,深圳市兴森快捷电路科技股份有限公司,广东省深圳市南山区白石路与沙河西路交汇处深圳湾科技生态园一区2栋A座8层-9层,C 制造业
002437,誉衡药业,哈尔滨誉衡药业股份有限公司,黑龙江省哈尔滨市呼兰区利民经济技术开发区北京路29号,C 制造业
002438,江苏神通,江苏神通阀门股份有限公司,江苏省启东市南阳镇,C 制造业
002439,启明星辰,启明星辰信息技术集团股份有限公司,北京市海淀区东北旺西路8号中关村软件园21号楼启明星辰大厦一层,I 信息技术
002440,闰土股份,浙江闰土股份有限公司,浙江省杭州湾上虞经济技术开发区纬七东路1号,C 制造业
002441,众业达,众业达电气股份有限公司,广东省汕头市龙湖区珠津工业区珠津一横街1号,F 批发零售
002442,龙星化工,龙星化工股份有限公司,河北省沙河市东环路龙星街1号,C 制造业
002443,金洲管道,浙江金洲管道科技股份有限公司,浙江省湖州市东门十五里牌（318国道旁）,C 制造业
002444,巨星科技,杭州巨星科技股份有限公司,浙江省杭州市江干区九环路35号,C 制造业
002445,*ST中南,中南红文化集团股份有限公司,江苏省江阴市高新技术产业开发园金山路,R 文化传播
002446,盛路通信,广东盛路通信科技股份有限公司,广东省佛山市三水区西南工业园进业二路四号,C 制造业
002447,*ST晨鑫,大连晨鑫网络科技股份有限公司,辽宁省大连市中山区长江东路52号1单元4层9号,I 信息技术
002448,中原内配,中原内配集团股份有限公司,河南省孟州市产业集聚区淮河大道69号,C 制造业
002449,国星光电,佛山市国星光电股份有限公司,广东省佛山市禅城区华宝南路18号,C 制造业
002450,*ST康得,康得新复合材料集团股份有限公司,江苏省张家港市环保新材料产业园晨港路北侧、港华路西侧,C 制造业
002451,摩恩电气,上海摩恩电气股份有限公司,上海市浦东新区江山路2829号,C 制造业
002452,长高集团,湖南长高高压开关集团股份公司,湖南省长沙市望城经济技术开发区金星北路三段393号,C 制造业
002453,华软科技,金陵华软科技股份有限公司,江苏省苏州市吴中区木渎镇花苑东路199-1号,I 信息技术
002454,松芝股份,上海加冷松芝汽车空调股份有限公司,上海市莘庄工业区华宁路4999号,C 制造业
002455,百川股份,江苏百川高科新材料股份有限公司,江苏省江阴市云亭街道建设路55号,C 制造业
002456,欧菲光,欧菲光集团股份有限公司,广东省深圳市光明新区公明街道松白公路华发路段欧菲光科技园,C 制造业
002457,青龙管业,宁夏青龙管业集团股份有限公司,宁夏回族自治区青铜峡市河西,C 制造业
002458,益生股份,山东益生种畜禽股份有限公司,山东省烟台市芝罘区朝阳街80号,A 农林牧渔
002459,晶澳科技,晶澳太阳能科技股份有限公司,河北省宁晋县新兴路123号,C 制造业
002460,赣锋锂业,江西赣锋锂业股份有限公司,江西省新余市经济开发区龙腾路,C 制造业
002461,珠江啤酒,广州珠江啤酒股份有限公司,广东省广州市海珠区新港东路磨碟沙大街118号,C 制造业
002462,嘉事堂,嘉事堂药业股份有限公司,北京市海淀区昆明湖南路11号1号楼,F 批发零售
002463,沪电股份,沪士电子股份有限公司,江苏省昆山市玉山镇东龙路1号,C 制造业
002464,众应互联,众应互联科技股份有限公司,新疆维吾尔自治区伊犁州霍尔果斯经济开发区兵团分区开元路4-2号二楼科技众创空间2-114室,I 信息技术
002465,海格通信,广州海格通信集团股份有限公司,广东省广州市高新技术产业开发区科学城海云路88号,C 制造业
002466,天齐锂业,天齐锂业股份有限公司,四川省射洪县太和镇城北太空村,C 制造业
002467,二六三,二六三网络通信股份有限公司,北京市昌平区城区镇超前路13号,I 信息技术
002468,申通快递,申通快递股份有限公司,浙江省玉环县机电工业园区,G 运输仓储
002469,三维工程,山东三维石化工程股份有限公司,山东省淄博市临淄区炼厂中路22号,M 科研服务
002470,金正大,金正大生态工程集团股份有限公司,山东省临沭县兴大西街19号,C 制造业
002471,中超控股,江苏中超控股股份有限公司,江苏省宜兴市西郊工业园振丰东路999号,C 制造业
002472,双环传动,浙江双环传动机械股份有限公司,浙江省玉环市机电产业功能区盛园路1号,C 制造业
002473,圣莱达,宁波圣莱达电器股份有限公司,浙江省宁波市江北区金山路298号,C 制造业
002474,榕基软件,福建榕基软件股份有限公司,福建省福州市鼓楼区铜盘路福州软件园产业基地,I 信息技术
002475,立讯精密,立讯精密工业股份有限公司,广东省深圳市宝安区沙井街道蚝一西部三洋新工业区A栋2层,C 制造业
002476,宝莫股份,山东宝莫生物化工股份有限公司,山东省东营市东营区西四路892号,C 制造业
002478,常宝股份,江苏常宝钢管股份有限公司,江苏省常州市延陵东路558号,C 制造业
002479,富春环保,浙江富春江环保热电股份有限公司,浙江省富阳市灵桥镇春永路188号,D 水电煤气
002480,新筑股份,成都市新筑路桥机械股份有限公司,四川省成都市四川新津工业园区,C 制造业
002481,双塔食品,烟台双塔食品股份有限公司,山东省招远市金岭镇寨里,C 制造业
002482,广田集团,深圳广田集团股份有限公司,广东省深圳市罗湖区深南东路2098号,E 建筑业
002483,润邦股份,江苏润邦重工股份有限公司,江苏省南通经济技术开发区振兴西路9号,C 制造业
002484,江海股份,南通江海电容器股份有限公司,江苏省南通市通州区平潮通扬南路79号,C 制造业
002485,希努尔,希努尔男装股份有限公司,山东省诸城市东环路58号,C 制造业
002486,嘉麟杰,上海嘉麟杰纺织品股份有限公司,上海市金山区亭林镇亭枫公路1918号,C 制造业
002487,大金重工,辽宁大金重工股份有限公司,辽宁省阜新市新邱区新邱大街155号,C 制造业
002488,金固股份,浙江金固股份有限公司,浙江省富阳市富春街道公园西路1181号,C 制造业
002489,浙江永强,浙江永强集团股份有限公司,浙江省临海市前江南路1号,C 制造业
002490,山东墨龙,山东墨龙石油机械股份有限公司,山东省寿光市文圣街999号,C 制造业
002491,通鼎互联,通鼎互联信息股份有限公司,江苏省苏州市吴江区震泽镇八都经济开发区小平大道8号,C 制造业
002492,恒基达鑫,珠海恒基达鑫国际化工仓储股份有限公司,广东省珠海市高栏港经济区南迳湾,G 运输仓储
002493,荣盛石化,荣盛石化股份有限公司,浙江省杭州市萧山区益农镇红阳路98号,C 制造业
002494,华斯股份,华斯控股股份有限公司,河北省沧州市肃宁县尚村镇,C 制造业
002495,佳隆股份,广东佳隆食品股份有限公司,广东省普宁市池尾工业区上寮园256幢0138号,C 制造业
002496,*ST辉丰,江苏辉丰生物农业股份有限公司,江苏省大丰市海洋经济开发区南区纬二路（王港闸南首）,C 制造业
002497,雅化集团,四川雅化实业集团股份有限公司,四川省雅安市经济开发区永兴大道南段99号,C 制造业
002498,汉缆股份,青岛汉缆股份有限公司,山东省青岛市崂山区九水东路628号,C 制造业
002499,*ST科林,科林环保装备股份有限公司,江苏省苏州市吴江区高新路425号,D 水电煤气
002500,山西证券,山西证券股份有限公司,山西省太原市府西街69号山西国际贸易中心东塔楼,J 金融业
002501,*ST利源,吉林利源精制股份有限公司,吉林省辽源市西宁大路5729号,C 制造业
002502,*ST鼎龙,鼎龙文化股份有限公司,广东省汕头市澄海区澄华工业区玉亭路,R 文化传播
002503,搜于特,搜于特集团股份有限公司,广东省东莞市道滘镇新鸿昌路1号,C 制造业
002504,弘高创意,北京弘高创意建筑设计股份有限公司,北京市朝阳区来广营西路朝来高科技产业园7号楼,E 建筑业
002505,大康农业,湖南大康国际农业食品股份有限公司,湖南省怀化市鹤城区鸭嘴岩工业园3栋,F 批发零售
002506,协鑫集成,协鑫集成科技股份有限公司,上海市奉贤区南桥镇江海经济园区,C 制造业
002507,涪陵榨菜,重庆市涪陵榨菜集团股份有限公司,重庆市涪陵区江北街道办事处二渡村一组,C 制造业
002508,老板电器,杭州老板电器股份有限公司,浙江省杭州余杭区余杭经济开发区临平大道592号,C 制造业
002509,天茂退,天广中茂股份有限公司,福建省南安市成功科技开发区,C 制造业
002510,天汽模,天津汽车模具股份有限公司,天津自贸试验区(空港经济区)航天路77号,C 制造业
002511,中顺洁柔,中顺洁柔纸业股份有限公司,广东省中山市东升镇坦背胜龙村,C 制造业
002512,达华智能,福州达华智能科技股份有限公司,福建省福州市鼓楼区软件大道89号福州软件园G区17号楼,C 制造业
002513,*ST蓝丰,江苏蓝丰生物化工股份有限公司,江苏省新沂经济开发区苏化路1号,C 制造业
002514,宝馨科技,苏州宝馨科技实业股份有限公司,江苏省苏州高新区浒墅关经济开发区石阳路17号,C 制造业
002515,金字火腿,金字火腿股份有限公司,浙江省金华市工业园区金帆街1000号,C 制造业
002516,旷达科技,旷达科技集团股份有限公司,江苏省常州市武进区雪堰镇旷达路1号,C 制造业
002517,恺英网络,恺英网络股份有限公司,福建省泉州市经济技术开发区清濛园区美泰路36号,I 信息技术
002518,科士达,深圳科士达科技股份有限公司,广东省深圳市南山区高新北区科技中二路软件园1栋4楼401、402室,C 制造业
002519,银河电子,江苏银河电子股份有限公司,江苏省张家港市塘桥镇南环路188号,C 制造业
002520,日发精机,浙江日发精密机械股份有限公司,浙江省新昌县七星街道日发数字科技园,C 制造业
002521,齐峰新材,齐峰新材料股份有限公司,山东省淄博市临淄区朱台镇朱台路22号,C 制造业
002522,浙江众成,浙江众成包装材料股份有限公司,浙江省嘉善县惠民街道泰山路1号,C 制造业
002523,天桥起重,株洲天桥起重机股份有限公司,湖南省株洲市石峰区田心北门,C 制造业
002524,光正集团,光正集团股份有限公司,新疆维吾尔自治区乌鲁木齐经济技术开发区融合北路266号,Q 卫生
002526,山东矿机,山东矿机集团股份有限公司,山东省昌乐县经济开发区大沂路北段,C 制造业
002527,新时达,上海新时达电气股份有限公司,上海市嘉定区南翔镇新丰村新勤路289号,C 制造业
002528,英飞拓,深圳英飞拓科技股份有限公司,广东省深圳市龙华新区观澜高新技术产业园英飞拓厂房,C 制造业
002529,*ST海源,福建海源复合材料科技股份有限公司,福建省福州市闽侯县荆溪镇铁岭北路2号,C 制造业
002530,金财互联,金财互联控股股份有限公司,江苏省盐城市大丰区经济开发区南翔西路333号,I 信息技术
002531,天顺风能,天顺风能（苏州）股份有限公司,江苏省苏州市太仓经济开发区宁波东路28号,C 制造业
002532,新界泵业,新界泵业集团股份有限公司,浙江省温岭市大溪镇大洋城工业区,C 制造业
002533,金杯电工,金杯电工股份有限公司,湖南省长沙市高新技术产业开发区东方红中路580号,C 制造业
002534,杭锅股份,杭州锅炉集团股份有限公司,浙江省杭州市江干区大农港路1216号,C 制造业
002535,*ST林重,林州重机集团股份有限公司,河南省林州市产业集聚区凤宝大道与陵阳大道交叉口,C 制造业
002536,飞龙股份,飞龙汽车部件股份有限公司,河南省西峡县工业大道,C 制造业
002537,海联金汇,海联金汇科技股份有限公司,山东省青岛即墨区青威路1626号,C 制造业
002538,司尔特,安徽省司尔特肥业股份有限公司,安徽省宁国经济技术开发区,C 制造业
002539,云图控股,成都云图控股股份有限公司,四川省成都市新都区蜀龙大道中段969号1栋401-406号、408-411号、413号、501-506号、508-510号、512号等,C 制造业
002540,亚太科技,江苏亚太轻合金科技股份有限公司,江苏省无锡市新吴区坊兴路8号,C 制造业
002541,鸿路钢构,安徽鸿路钢结构(集团)股份有限公司,安徽省合肥市双凤工业区,C 制造业
002542,中化岩土,中化岩土集团股份有限公司,北京市大兴区科苑路13号院1号楼,E 建筑业
002543,万和电气,广东万和新电气股份有限公司,广东省佛山市顺德高新区(容桂)建业中路13号,C 制造业
002544,杰赛科技,广州杰赛科技股份有限公司,广东省广州市新港中路381号,I 信息技术
002545,东方铁塔,青岛东方铁塔股份有限公司,山东省青岛市胶州市广州北路318号,C 制造业
002546,新联电子,南京新联电子股份有限公司,江苏省南京市江宁经济技术开发区利源北路66号,C 制造业
002547,春兴精工,苏州春兴精工股份有限公司,江苏省苏州市苏州工业园区唯亭镇浦田路2号,C 制造业
002548,金新农,深圳市金新农科技股份有限公司,广东省深圳市光明区光明街道光电北路18号金新农大厦,C 制造业
002549,凯美特气,湖南凯美特气体股份有限公司,湖南省岳阳市岳阳楼区七里山（巴陵石化化肥事业部西门）,N 公共环保
002550,千红制药,常州千红生化制药股份有限公司,江苏省常州市新北区云河路518号,C 制造业
002551,尚荣医疗,深圳市尚荣医疗股份有限公司,广东省深圳市龙岗区宝龙工业城宝龙5路2号尚荣科技工业园,C 制造业
002552,宝鼎科技,宝鼎科技股份有限公司,浙江省杭州余杭区塘栖镇工业园区内,C 制造业
002553,南方轴承,江苏南方轴承股份有限公司,江苏省常州市武进高新技术开发区龙翔路,C 制造业
002554,惠博普,华油惠博普科技股份有限公司,北京市海淀区马甸东路17号11层1212,B 采矿业
002555,三七互娱,芜湖三七互娱网络科技集团股份有限公司,安徽省芜湖市鸠江区北京中路芜湖广告产业园广告创意综合楼十一楼,I 信息技术
002556,辉隆股份,安徽辉隆农资集团股份有限公司,安徽省合肥市蜀山区祁门路1777号,F 批发零售
002557,洽洽食品,洽洽食品股份有限公司,安徽省合肥市经济技术开发区莲花路,C 制造业
002558,巨人网络,巨人网络集团股份有限公司,重庆市南岸区江南大道8号万达广场1栋5层,I 信息技术
002559,亚威股份,江苏亚威机床股份有限公司,江苏省扬州市江都区黄海南路仙城工业园,C 制造业
002560,通达股份,河南通达电缆股份有限公司,河南省偃师市史家湾工业区,C 制造业
002561,徐家汇,上海徐家汇商城股份有限公司,上海市肇嘉浜路1068号,F 批发零售
002562,兄弟科技,兄弟科技股份有限公司,浙江省海宁市周王庙镇联民村蔡家石桥3号,C 制造业
002563,森马服饰,浙江森马服饰股份有限公司,浙江省温州市瓯海区娄桥工业园南汇路98号,C 制造业
002564,天沃科技,苏州天沃科技股份有限公司,江苏省张家港市金港镇长山村临江路1号,M 科研服务
002565,顺灏股份,上海顺灏新材料科技股份有限公司,上海市真陈路200号,C 制造业
002566,益盛药业,吉林省集安益盛药业股份有限公司,吉林省集安市文化东路17-20号,C 制造业
002567,唐人神,唐人神集团股份有限公司,湖南省株洲市国家高新技术产业开发区栗雨工业园,C 制造业
002568,百润股份,上海百润投资控股集团股份有限公司,上海市康桥工业区康桥东路558号,C 制造业
002569,*ST步森,浙江步森服饰股份有限公司,浙江省诸暨市枫桥镇步森大道419号,C 制造业
002570,贝因美,贝因美股份有限公司,浙江省杭州市滨江区伟业路1号10幢,C 制造业
002571,德力股份,安徽德力日用玻璃股份有限公司,安徽省滁州市凤阳县工业园,C 制造业
002572,索菲亚,索菲亚家居股份有限公司,广东省广州市增城区永宁街郭村仙宁路2号,C 制造业
002573,清新环境,北京清新环境技术股份有限公司,北京市海淀区西八里庄路69号人民政协报大厦10层,N 公共环保
002574,明牌珠宝,浙江明牌珠宝股份有限公司,浙江省绍兴市柯桥区福全工业区,C 制造业
002575,ST群兴,广东群兴玩具股份有限公司,广东省汕头市澄海区岭海工业区清平路北侧群兴工业园2幢1楼之二,C 制造业
002576,通达动力,江苏通达动力科技股份有限公司,江苏省南通市通州区四安镇庵东村,C 制造业
002577,雷柏科技,深圳雷柏科技股份有限公司,广东省深圳市坪山新区坑梓街道大工业区锦绣东路22号,C 制造业
002578,闽发铝业,福建省闽发铝业股份有限公司,福建省泉州市南安市东田镇蓝溪村(一期)11幢1-3层,C 制造业
002579,中京电子,惠州中京电子科技股份有限公司,广东省惠州市仲恺高新区陈江街道中京路1号,C 制造业
002580,圣阳股份,山东圣阳电源股份有限公司,山东省曲阜市圣阳路1号,C 制造业
002581,未名医药,山东未名生物医药股份有限公司,山东省淄博市张店区朝阳路18号,C 制造业
002582,好想你,好想你健康食品股份有限公司,河南省新郑市薛店镇,C 制造业
002583,海能达,海能达通信股份有限公司,广东省深圳市南山区高新区北区北环路9108号海能达大厦,C 制造业
002584,西陇科学,西陇科学股份有限公司,广东省汕头市潮汕路西陇中街1-3号,C 制造业
002585,双星新材,江苏双星彩塑新材料股份有限公司,江苏省宿迁市宿豫区彩塑工业园区井头街1号,C 制造业
002586,*ST围海,浙江省围海建设集团股份有限公司,浙江省宁波市鄞州区广贤路1009号,E 建筑业
002587,奥拓电子,深圳市奥拓电子股份有限公司,广东省深圳市南山区粤海街道学府路63号高新区联合总部大厦10楼,C 制造业
002588,史丹利,史丹利农业集团股份有限公司,山东省临沂市临沭县史丹利路,C 制造业
002589,瑞康医药,瑞康医药集团股份有限公司,山东省烟台市芝罘区机场路326号,F 批发零售
002590,万安科技,浙江万安科技股份有限公司,浙江省诸暨市店口镇工业区,C 制造业
002591,恒大高新,江西恒大高新技术股份有限公司,江西省南昌市高新区金庐北路88号,C 制造业
002592,八菱科技,南宁八菱科技股份有限公司,广西壮族自治区南宁市高新区工业园区科德路1号,C 制造业
002593,日上集团,厦门日上集团股份有限公司,福建省厦门市集美区杏林杏北路30号,C 制造业
002594,比亚迪,比亚迪股份有限公司,广东省深圳市大鹏新区葵涌街道延安路一号,C 制造业
002595,豪迈科技,山东豪迈机械科技股份有限公司,山东省高密市密水科技工业园豪迈路1号,C 制造业
002596,海南瑞泽,海南瑞泽新型建材股份有限公司,海南省三亚市崖城镇创意产业园区中央大道9号,C 制造业
002597,金禾实业,安徽金禾实业股份有限公司,安徽省滁州市来安县城东大街127号,C 制造业
002598,山东章鼓,山东省章丘鼓风机股份有限公司,山东省章丘市明水经济开发区世纪大道东首,C 制造业
002599,盛通股份,北京盛通印刷股份有限公司,北京市北京经济技术开发区经海三路18号,C 制造业
002600,领益智造,广东领益智造股份有限公司,广东省江门市龙湾路8号,C 制造业
002601,龙蟒佰利,龙蟒佰利联集团股份有限公司,河南省焦作市中站区西,C 制造业
002602,世纪华通,浙江世纪华通集团股份有限公司,浙江省绍兴市上虞区曹娥街道越爱路66号,I 信息技术
002603,以岭药业,石家庄以岭药业股份有限公司,河北省石家庄市高新技术产业开发区天山大街238号,C 制造业
002604,龙力退,山东龙力生物科技股份有限公司,山东省德州市(禹城)国家高新技术产业开发区,C 制造业
002605,姚记科技,上海姚记科技股份有限公司,上海市嘉定区黄渡镇曹安路4218号,C 制造业
002606,大连电瓷,大连电瓷集团股份有限公司,辽宁省大连经济技术开发区双D港辽河东路88号,C 制造业
002607,中公教育,中公教育科技股份有限公司,安徽省芜湖市鸠江区弋江北路亚夏汽车城,P 教育
002608,江苏国信,江苏国信股份有限公司,江苏省南京市玄武区长江路88号,D 水电煤气
002609,捷顺科技,深圳市捷顺科技实业股份有限公司,广东省深圳市福田区梅林街道龙尾路10号捷顺科技,I 信息技术
002610,爱康科技,江苏爱康科技股份有限公司,江苏省江阴市华士工业集中区红苗园区勤丰路1015号,C 制造业
002611,东方精工,广东东方精工科技股份有限公司,广东省佛山市南海区狮山镇强狮路2号（办公楼、厂房A、厂房B、宿舍A、宿舍B、饭堂）,C 制造业
002612,朗姿股份,朗姿股份有限公司,北京市顺义区马坡镇白马路63号,C 制造业
002613,北玻股份,洛阳北方玻璃技术股份有限公司,河南省洛阳市高新区滨河路20号,C 制造业
002614,奥佳华,奥佳华智能健康科技集团股份有限公司,福建省厦门市前埔路168号,C 制造业
002615,哈尔斯,浙江哈尔斯真空器皿股份有限公司,浙江省永康经济开发区哈尔斯路1号,C 制造业
002616,长青集团,广东长青（集团）股份有限公司,广东省中山市小榄工业大道南42号,C 制造业
002617,露笑科技,露笑科技股份有限公司,浙江省诸暨市店口镇露笑路38号,C 制造业
002618,丹邦科技,深圳丹邦科技股份有限公司,广东省深圳市南山区高新园朗山一路丹邦科技大楼,C 制造业
002619,艾格拉斯,艾格拉斯股份有限公司,浙江省金华市婺城新区临江工业园区（白龙桥镇湖家）,I 信息技术
002620,瑞和股份,深圳瑞和建筑装饰股份有限公司,广东省深圳市罗湖区深南东路3027号瑞和大厦,E 建筑业
002621,美吉姆,大连美吉姆教育科技股份有限公司,辽宁省大连高新技术产业园区七贤岭爱贤街33号,P 教育
002622,融钰集团,融钰集团股份有限公司,吉林省吉林市船营区迎宾大路98号,C 制造业
002623,亚玛顿,常州亚玛顿股份有限公司,江苏省常州市青龙东路639号,C 制造业
002624,完美世界,完美世界股份有限公司,浙江省湖州市德清县钟管镇龙山路117号,I 信息技术
002625,光启技术,光启技术股份有限公司,浙江省桐庐县富春江镇俞赵工业功能区988号,C 制造业
002626,金达威,厦门金达威集团股份有限公司,福建省厦门市海沧新阳工业区,C 制造业
002627,宜昌交运,湖北宜昌交运集团股份有限公司,湖北省宜昌市港窑路5号,G 运输仓储
002628,成都路桥,成都市路桥工程股份有限公司,四川省成都市武侯区武科东四路11号,E 建筑业
002629,*ST仁智,浙江仁智股份有限公司,浙江省温州经济技术开发区滨海六路2180号旭日小区1幢108室,B 采矿业
002630,华西能源,华西能源工业股份有限公司,四川省自贡市高新工业园区荣川路66号,C 制造业
002631,德尔未来,德尔未来科技控股集团股份有限公司,江苏省苏州市吴江区七都镇七都大道,C 制造业
002632,道明光学,道明光学股份有限公司,浙江省永康市象珠镇象珠工业区3号迎宾大道1号,C 制造业
002633,申科股份,申科滑动轴承股份有限公司,浙江省诸暨市望云路132号,C 制造业
002634,棒杰股份,浙江棒杰控股集团股份有限公司,浙江省义乌市苏溪镇镇南小区,C 制造业
002635,安洁科技,苏州安洁科技股份有限公司,江苏省苏州市吴中区光福镇福锦路8号,C 制造业
002636,金安国纪,金安国纪科技股份有限公司,上海市松江工业区宝胜路33号,C 制造业
002637,赞宇科技,赞宇科技集团股份有限公司,浙江省杭州市城头巷128号,C 制造业
002638,勤上股份,东莞勤上光电股份有限公司,广东省东莞市常平镇横江厦工业四路3号,C 制造业
002639,雪人股份,福建雪人股份有限公司,福建省福州滨海工业区(松下镇首祉村),C 制造业
002640,跨境通,跨境通宝电子商务股份有限公司,山西省太原市迎泽区建设南路632号,F 批发零售
002641,永高股份,永高股份有限公司,浙江省台州市黄岩经济开发区埭西路2号,C 制造业
002642,*ST荣联,北京荣之联科技股份有限公司,北京市海淀区北四环西路56号10层1002-1,I 信息技术
002643,万润股份,中节能万润股份有限公司,山东省烟台市经济技术开发区五指山路11号,C 制造业
002644,佛慈制药,兰州佛慈制药股份有限公司,甘肃省兰州新区华山路2289号,C 制造业
002645,华宏科技,江苏华宏科技股份有限公司,江苏省江阴市周庄镇澄杨路1118号,C 制造业
002646,青青稞酒,青海互助青稞酒股份有限公司,青海省互助县威远镇西大街6号,C 制造业
002647,仁东控股,仁东控股股份有限公司,浙江省诸暨市大唐镇开元东路,J 金融业
002648,卫星石化,浙江卫星石化股份有限公司,浙江省嘉兴市嘉兴工业园区步焦路,C 制造业
002649,博彦科技,博彦科技股份有限公司,北京市海淀区西北旺东路10号院东区7号楼博彦科技大厦,I 信息技术
002650,加加食品,加加食品集团股份有限公司,湖南省长沙市宁乡县经济技术开发区站前路,C 制造业
002651,利君股份,成都利君实业股份有限公司,四川省成都市武侯区武科东二路5号,C 制造业
002652,扬子新材,苏州扬子江新型材料股份有限公司,江苏省苏州市相城区潘阳工业园黄埭镇春丰路88号,C 制造业
002653,海思科,海思科医药集团股份有限公司,西藏自治区山南市泽当镇三湘大道17号,C 制造业
002654,万润科技,深圳万润科技股份有限公司,广东省深圳市光明新区凤凰街道光侨大道2519号,L 商务服务
002655,共达电声,共达电声股份有限公司,山东省潍坊市坊子区凤山路68号,C 制造业
002656,ST摩登,摩登大道时尚集团股份有限公司,广东省广州市黄埔区科学城光谱中路23号,C 制造业
002657,中科金财,北京中科金财科技股份有限公司,北京市海淀区学院路39号唯实大厦1006室,I 信息技术
002658,雪迪龙,北京雪迪龙科技股份有限公司,北京市昌平区高新三街3号,C 制造业
002659,凯文教育,北京凯文德信教育科技股份有限公司,北京市海淀区西杉创意园四区2号楼西段一层109,P 教育
002660,茂硕电源,茂硕电源科技股份有限公司,广东省深圳市南山区松白路关外小白芒桑泰工业园,C 制造业
002661,克明面业,克明面业股份有限公司,湖南省南县兴盛大道工业园1号,C 制造业
002662,京威股份,北京威卡威汽车零部件股份有限公司,北京市大兴区欣雅街16号院7号楼15层1501,C 制造业
002663,普邦股份,广州普邦园林股份有限公司,广东省广州市越秀区寺右新马路南二街一巷14-20号首层,E 建筑业
002664,长鹰信质,长鹰信质科技股份有限公司,浙江省台州市椒江区前所信质路28号,C 制造业
002665,首航高科,首航高科能源技术股份有限公司,北京市大兴区榆顺路2号3号楼208室,C 制造业
002666,德联集团,广东德联集团股份有限公司,广东省佛山市南海区小塘狮山新城开发区,C 制造业
002667,鞍重股份,鞍山重型矿山机器股份有限公司,辽宁省鞍山市立山区胜利北路900号,C 制造业
002668,奥马电器,广东奥马电器股份有限公司,广东省中山市南头镇东福北路54号,C 制造业
002669,康达新材,上海康达化工新材料集团股份有限公司,上海市奉贤区雷州路169号,C 制造业
002670,国盛金控,国盛金融控股集团股份有限公司,广东省佛山市顺德区容桂华口昌宝东路13号,J 金融业
002671,龙泉股份,山东龙泉管道工程股份有限公司,山东省淄博市博山区尖山东路36号,C 制造业
002672,东江环保,东江环保股份有限公司,广东省深圳市南山区高新区北区朗山路9号东江环保大楼1楼、3楼、8楼北面、9楼、10楼、11楼、12楼,C 制造业
002673,西部证券,西部证券股份有限公司,陕西省西安市新城区东新街319号8幢10000室,J 金融业
002674,兴业科技,兴业皮革科技股份有限公司,福建省晋江市安海第二工业区兴业路1号,C 制造业
002675,东诚药业,烟台东诚药业集团股份有限公司,山东省烟台经济技术开发区长白山路7号,C 制造业
002676,顺威股份,广东顺威精密塑料股份有限公司,广东省佛山市顺德区高新区(容桂)科苑一路6号,C 制造业
002677,浙江美大,浙江美大实业股份有限公司,浙江省海宁市袁花镇谈桥81号,C 制造业
002678,珠江钢琴,广州珠江钢琴集团股份有限公司,广东省广州市增城区永宁街香山大道38号,C 制造业
002679,福建金森,福建金森林业股份有限公司,福建省三明市将乐县水南镇三华南路50号12-15层,A 农林牧渔
002681,*ST奋达,深圳市奋达科技股份有限公司,广东省深圳市宝安区石岩洲石路奋达科技园,C 制造业
002682,龙洲股份,龙洲集团股份有限公司,福建省龙岩市新罗区南环西路112号,G 运输仓储
002683,宏大爆破,广东宏大爆破股份有限公司,广东省广州市天河区珠江新城华夏路49号之二津滨腾越大厦北塔21层,B 采矿业
002684,*ST猛狮,广东猛狮新能源科技股份有限公司,河南省三门峡市城乡一体化示范区禹王路汇智空间215室,C 制造业
002685,华东重机,无锡华东重型机械股份有限公司,江苏省无锡市滨湖区高浪东路508号华发传感大厦B座24楼,C 制造业
002686,亿利达,浙江亿利达风机股份有限公司,浙江省台州市路桥区横街镇亿利达路,C 制造业
002687,乔治白,浙江乔治白服饰股份有限公司,浙江省平阳县昆阳镇平瑞公路588号,C 制造业
002688,金河生物,金河生物科技股份有限公司,内蒙古自治区呼和浩特市托克托县新坪路71号,C 制造业
002689,远大智能,沈阳远大智能工业集团股份有限公司,辽宁省沈阳经济技术开发区开发大路27号,C 制造业
002690,美亚光电,合肥美亚光电技术股份有限公司,安徽省合肥市高新区望江西路668号,C 制造业
002691,冀凯股份,冀凯装备制造股份有限公司,河北省石家庄高新区湘江道418号,C 制造业
002692,ST远程,远程电缆股份有限公司,江苏省宜兴市官林镇远程路8号,C 制造业
002693,双成药业,海南双成药业股份有限公司,海南省海口市秀英区兴国路16号,C 制造业
002694,顾地科技,顾地科技股份有限公司,湖北省鄂州经济开发区吴楚大道18号,C 制造业
002695,煌上煌,江西煌上煌集团食品股份有限公司,江西省南昌市南昌县小蓝经济开发区小蓝中大道66号,C 制造业
002696,百洋股份,百洋产业投资集团股份有限公司,广西壮族自治区南宁高新技术开发区高新四路9号,A 农林牧渔
002697,红旗连锁,成都红旗连锁股份有限公司,四川省成都市高新区西区迪康大道七号,F 批发零售
002698,博实股份,哈尔滨博实自动化股份有限公司,黑龙江省哈尔滨开发区迎宾路集中区东湖街9号,C 制造业
002699,美盛文化,美盛文化创意股份有限公司,浙江省绍兴市新昌省级高新技术园区内（南岩）,R 文化传播
002700,ST浩源,新疆浩源天然气股份有限公司,新疆维吾尔自治区阿克苏市英阿瓦提路2号,D 水电煤气
002701,奥瑞金,奥瑞金科技股份有限公司,北京市怀柔区雁栖工业开发区,C 制造业
002702,海欣食品,海欣食品股份有限公司,福建省福州市仓山区金山建新北路150号1#楼,C 制造业
002703,浙江世宝,浙江世宝股份有限公司,浙江省义乌市佛堂镇双林路1号,C 制造业
002705,新宝股份,广东新宝电器股份有限公司,广东省佛山市顺德区勒流镇政和南路,C 制造业
002706,良信电器,上海良信电器股份有限公司,上海市浦东新区申江南路2000号,C 制造业
002707,众信旅游,众信旅游集团股份有限公司,北京市朝阳区酒仙桥北路9号（厂区）7幢1层567号,L 商务服务
002708,光洋股份,常州光洋轴承股份有限公司,江苏省常州市新北区汉江路52号,C 制造业
002709,天赐材料,广州天赐高新材料股份有限公司,广东省广州市黄埔区云埔工业区东诚片康达路8号,C 制造业
002711,*ST欧浦,欧浦智网股份有限公司,广东省佛山市顺德区乐从镇路州村委会第二工业区乐成路7号地,G 运输仓储
002712,思美传媒,思美传媒股份有限公司,浙江省杭州市上城区南复路59号,L 商务服务
002713,东易日盛,东易日盛家居装饰集团股份有限公司,北京市房山区长沟镇房易路西侧,E 建筑业
002714,牧原股份,牧原食品股份有限公司,河南省南阳市内乡县灌涨镇水田村,A 农林牧渔
002715,登云股份,怀集登云汽配股份有限公司,广东省怀集县怀城镇登云亭,C 制造业
002716,*ST金贵,郴州市金贵银业股份有限公司,湖南省郴州市苏仙区白露塘镇福城大道1号（湖南郴州高新技术产业园内）,C 制造业
002717,岭南股份,岭南生态文旅股份有限公司,广东省东莞市东城街道东源路东城文化中心扩建楼1号楼10楼,N 公共环保
002718,友邦吊顶,浙江友邦集成吊顶股份有限公司,浙江省嘉兴市海盐县百步工业区北A区,C 制造业
002719,*ST麦趣,麦趣尔集团股份有限公司,新疆维吾尔自治区昌吉回族自治州昌吉市麦趣尔大道,C 制造业
002721,金一文化,北京金一文化发展股份有限公司,北京市海淀区复兴路17号国海广场A座7层701-716室,C 制造业
002722,金轮股份,金轮蓝海股份有限公司,江苏省海门市海门经济技术开发区广州路999号,C 制造业
002723,金莱特,广东金莱特电器股份有限公司,广东省江门市蓬江区棠下镇金桐路21号,C 制造业
002724,海洋王,海洋王照明科技股份有限公司,广东省深圳市光明新区光明街道高新路1601号海洋王科技楼B栋1层,C 制造业
002725,跃岭股份,浙江跃岭股份有限公司,浙江省温岭市泽国镇泽国大道888号,C 制造业
002726,龙大肉食,山东龙大肉食品股份有限公司,山东省莱阳市食品工业园,C 制造业
002727,一心堂,一心堂药业集团股份有限公司,云南省昆明市经济技术开发区鸿翔路1号,F 批发零售
002728,特一药业,特一药业集团股份有限公司,广东省台山市台城长兴路9、11号,C 制造业
002729,好利来,好利来（中国）电子科技股份有限公司,福建省厦门市翔安区舫山东二路829号,C 制造业
002730,电光科技,电光防爆科技股份有限公司,浙江省乐清经济开发区纬五路180号,C 制造业
002731,萃华珠宝,沈阳萃华金银珠宝股份有限公司,辽宁省沈阳市大东区北顺城路翠华巷72号,C 制造业
002732,燕塘乳业,广东燕塘乳业股份有限公司,广东省广州市天河区沙河燕塘,C 制造业
002733,雄韬股份,深圳市雄韬电源科技股份有限公司,广东省深圳市大鹏新区大鹏街道同富工业区雄韬科技园办公楼、1#、2#、3#、8#厂房及9#厂房南栋1至5层,C 制造业
002734,利民股份,利民控股集团股份有限公司,江苏省新沂经济开发区,C 制造业
002735,王子新材,深圳王子新材料股份有限公司,广东省深圳市龙华区龙华街道奋进路4号王子工业园,C 制造业
002736,国信证券,国信证券股份有限公司,广东省深圳市罗湖区红岭中路1012号国信证券大厦十六层至二十六层,J 金融业
002737,葵花药业,葵花药业集团股份有限公司,黑龙江省哈尔滨高新技术产业开发区迎宾路集中区东湖路18号,C 制造业
002738,中矿资源,中矿资源集团股份有限公司,北京市丰台区海鹰路5号6层613室,M 科研服务
002739,万达电影,万达电影股份有限公司,北京市朝阳区建国路93号万达广场B座11层,R 文化传播
002740,爱迪尔,福建省爱迪尔珠宝实业股份有限公司,福建省龙岩市新罗区龙腾南路14号珠江大厦4F,C 制造业
002741,光华科技,广东光华科技股份有限公司,广东省汕头市大学路295号,C 制造业
002742,三圣股份,重庆三圣实业股份有限公司,重庆市北碚区三圣镇街道,C 制造业
002743,富煌钢构,安徽富煌钢构股份有限公司,安徽省巢湖市黄麓镇富煌工业园,C 制造业
002745,木林森,木林森股份有限公司,广东省中山市小榄镇木林森大道1号,C 制造业
002746,仙坛股份,山东仙坛股份有限公司,山东省烟台市牟平工业园区（城东）,A 农林牧渔
002747,埃斯顿,南京埃斯顿自动化股份有限公司,江苏省南京江宁经济技术开发区将军南路155号,C 制造业
002748,世龙实业,江西世龙实业股份有限公司,江西省乐平市接渡镇（江西世龙实业股份有限公司3栋行政办公楼）,C 制造业
002749,国光股份,四川国光农化股份有限公司,四川省简阳市平泉镇,C 制造业
002750,龙津药业,昆明龙津药业股份有限公司,云南省昆明市高新区科高路2188号,C 制造业
002751,易尚展示,深圳市易尚展示股份有限公司,广东省深圳市宝安区新安街道海旺社区中心区甲岸南路易尚科技创意大厦二十三层,C 制造业
002752,昇兴股份,昇兴集团股份有限公司,福建省福州市马尾区经济技术开发区经一路,C 制造业
002753,永东股份,山西永东化工股份有限公司,山西省运城市稷山县西社镇高渠村,C 制造业
002755,奥赛康,北京奥赛康药业股份有限公司,北京市丰台区南四环西路188号七区28号楼,C 制造业
002756,永兴材料,永兴特种材料科技股份有限公司,浙江省湖州市杨家埠,C 制造业
002757,南兴股份,南兴装备股份有限公司,广东省东莞市厚街镇科技工业园南兴路,C 制造业
002758,华通医药,浙江华通医药股份有限公司,浙江省绍兴市柯桥区轻纺城大道1605号,F 批发零售
002759,天际股份,广东天际电器股份有限公司,广东省汕头市潮汕路金园工业城12-12片区,C 制造业
002760,凤形股份,安徽省凤形耐磨材料股份有限公司,安徽省宁国市经济技术开发区东城大道北侧,C 制造业
002761,多喜爱,多喜爱集团股份有限公司,湖南省长沙市岳麓区环联路102号,E 建筑业
002762,金发拉比,金发拉比妇婴童用品股份有限公司,广东省汕头市金平区鮀浦鮀济南路107号,C 制造业
002763,汇洁股份,深圳汇洁集团股份有限公司,广东省深圳市福田区深南大道1006号深圳国际创新中心A栋31-32层,C 制造业
002765,蓝黛传动,重庆蓝黛动力传动机械股份有限公司,重庆市璧山区璧泉街道剑山路100号,C 制造业
002766,*ST索菱,深圳市索菱实业股份有限公司,广东省深圳市南山区南头街道安乐社区关口二路15号智恒产业园19栋2层,C 制造业
002767,先锋电子,杭州先锋电子技术股份有限公司,浙江省杭州市滨江区滨安路1186-1号,C 制造业
002768,国恩股份,青岛国恩科技股份有限公司,山东省青岛市城阳区棘洪滩街道青大工业园2号路,C 制造业
002769,普路通,深圳市普路通供应链管理股份有限公司,广东省深圳市福田区深南大道1006号深圳国际创新中心A栋21楼,L 商务服务
002770,科迪乳业,河南科迪乳业股份有限公司,河南省虞城县产业集聚区工业大道18号,C 制造业
002771,真视通,北京真视通科技股份有限公司,北京市丰台区科学城航路9号10层1002号[园区],I 信息技术
002772,众兴菌业,天水众兴菌业科技股份有限公司,甘肃省天水市麦积区国家农业科技园区,A 农林牧渔
002773,康弘药业,成都康弘药业集团股份有限公司,四川省成都市金牛区蜀西路36号,C 制造业
002774,快意电梯,快意电梯股份有限公司,广东省东莞市清溪镇谢坑村金龙工业区,C 制造业
002775,文科园林,深圳文科园林股份有限公司,广东省深圳市福田区深南大道1006号深圳国际创新中心（福田科技广场）A栋35、36层,E 建筑业
002776,柏堡龙,广东柏堡龙股份有限公司,广东省普宁市流沙东街道新坛村新美路南侧大德北路西,M 科研服务
002777,久远银海,四川久远银海软件股份有限公司,四川省成都市高新区科园一路3号2幢,I 信息技术
002778,高科石化,江苏高科石化股份有限公司,江苏省宜兴市徐舍镇鲸塘工业集中区,C 制造业
002779,中坚科技,浙江中坚科技股份有限公司,浙江省永康市经济开发区名园南大道10号,C 制造业
002780,三夫户外,北京三夫户外用品股份有限公司,北京市西城区马甸南村4号楼-5号（德胜园区）,F 批发零售
002781,奇信股份,深圳市奇信集团股份有限公司,广东省深圳市宝安区新安街道海旺社区宝兴路6号海纳百川总部大厦B座12层-16层,E 建筑业
002782,可立克,深圳可立克科技股份有限公司,广东省深圳市宝安区福海街道新田社区正中工业厂区厂房7栋2层,C 制造业
002783,凯龙股份,湖北凯龙化工集团股份有限公司,湖北省荆门市东宝区泉口路20号,C 制造业
002785,万里石,厦门万里石股份有限公司,福建省厦门市思明区湖滨北路201号宏业大厦8楼,C 制造业
002786,银宝山新,深圳市银宝山新科技股份有限公司,广东省深圳市宝安区石岩街道罗租社区建兴路5号,C 制造业
002787,华源控股,苏州华源控股股份有限公司,江苏省苏州市吴江区桃源镇桃乌公路1948号,C 制造业
002788,鹭燕医药,鹭燕医药股份有限公司,福建省厦门市湖里区安岭路1004号,F 批发零售
002789,建艺集团,深圳市建艺装饰集团股份有限公司,广东省深圳市福田区振兴路建艺大厦19层东,E 建筑业
002790,瑞尔特,厦门瑞尔特卫浴科技股份有限公司,福建省厦门市海沧区后祥路18号,C 制造业
002791,坚朗五金,广东坚朗五金制品股份有限公司,广东省东莞市塘厦镇大坪坚朗路3号,C 制造业
002792,通宇通讯,广东通宇通讯股份有限公司,广东省中山市火炬开发区金通街3号,C 制造业
002793,罗欣药业,罗欣药业集团股份有限公司,浙江省温岭市大溪镇大石一级公路南侧,C 制造业
002795,永和智控,永和流体智控股份有限公司,浙江省台州市玉环市清港镇工业产业集聚区,C 制造业
002796,世嘉科技,苏州市世嘉科技股份有限公司,江苏省苏州市塘西路28号,C 制造业
002797,第一创业,第一创业证券股份有限公司,广东省深圳市福田区福华一路115号投行大厦20楼,J 金融业
002798,帝欧家居,帝欧家居股份有限公司,四川省成都市简阳市贾家镇工业开发区,C 制造业
002799,环球印务,西安环球印务股份有限公司,陕西省西安市高新区科技一路32号,C 制造业
002800,天顺股份,新疆天顺供应链股份有限公司,新疆维吾尔自治区乌鲁木齐经济技术开发区赛里木湖路133号,G 运输仓储
002801,微光股份,杭州微光电子股份有限公司,浙江省杭州市余杭经济开发区兴中路365号、366号,C 制造业
002802,洪汇新材,无锡洪汇新材料科技股份有限公司,江苏省无锡市锡山区东港镇新材料产业园,C 制造业
002803,吉宏股份,厦门吉宏科技股份有限公司,福建省厦门市海沧区东孚工业区二期浦头路9号,I 信息技术
002805,丰元股份,山东丰元化学股份有限公司,山东省枣庄市台儿庄区东顺路1227号,C 制造业
002806,华锋股份,广东华锋新能源科技股份有限公司,广东省肇庆市端州区端州工业城,C 制造业
002807,江阴银行,江苏江阴农村商业银行股份有限公司,江苏省江阴市澄江中路1号,J 金融业
002808,恒久科技,苏州恒久光电科技股份有限公司,江苏省苏州市高新区火炬路38号,C 制造业
002809,红墙股份,广东红墙新材料股份有限公司,广东省博罗县石湾镇科技产业园,C 制造业
002810,山东赫达,山东赫达股份有限公司,山东省淄博市周村区赫达路999号,C 制造业
002811,郑中设计,深圳市郑中设计股份有限公司,广东省深圳市福田区中心区益田路与福华路交汇处卓越时代广场4B01、4B02,E 建筑业
002812,恩捷股份,云南恩捷新材料股份有限公司,云南省玉溪市高新区抚仙路125号,C 制造业
002813,路畅科技,深圳市路畅科技股份有限公司,广东省深圳市南山区海天一路11号5栋C座8楼、9楼,C 制造业
002815,崇达技术,崇达技术股份有限公司,广东省深圳市光明新区光明街道观光路3009号招商局光明科技园A3栋C单元207,C 制造业
002816,和科达,深圳市和科达精密清洗设备股份有限公司,广东省深圳市龙华区大浪街道浪口社区华荣路294号和科达工业园2栋1层-3层,C 制造业
002817,黄山胶囊,安徽黄山胶囊股份有限公司,安徽省宣城市旌德县白地洪川,C 制造业
002818,富森美,成都富森美家居股份有限公司,四川省成都市蓉都大道将军路68号,L 商务服务
002819,东方中科,北京东方中科集成科技股份有限公司,北京市海淀区阜成路67号银都大厦12层,F 批发零售
002820,桂发祥,天津桂发祥十八街麻花食品股份有限公司,天津市河西区洞庭路32号,C 制造业
002821,凯莱英,凯莱英医药集团（天津）股份有限公司,天津市经济技术开发区洞庭三街6号,C 制造业
002822,中装建设,深圳市中装建设集团股份有限公司,广东省深圳市罗湖区深南东路4002号鸿隆世纪广场四-五层（仅限办公）,E 建筑业
002823,凯中精密,深圳市凯中精密技术股份有限公司,广东省深圳市坪山区龙田街道规划四路1号,C 制造业
002824,和胜股份,广东和胜工业铝材股份有限公司,广东省中山市三乡镇前陇工业区美源路5号、广东省中山市三乡镇西山社区华曦路3号,C 制造业
002825,纳尔股份,上海纳尔实业股份有限公司,上海市浦东新区新场镇新瀚路26号,C 制造业
002826,易明医药,西藏易明西雅医药科技股份有限公司,西藏自治区拉萨经济技术开发区林琼岗路6号,C 制造业
002827,高争民爆,西藏高争民爆股份有限公司,西藏自治区拉萨市经济技术开发区A区林琼岗路18号,C 制造业
002828,贝肯能源,新疆贝肯能源工程股份有限公司,新疆维吾尔自治区克拉玛依市白碱滩区门户路91号,B 采矿业
002829,星网宇达,北京星网宇达科技股份有限公司,北京市北京经济技术开发区科谷二街6号院1号楼7层,C 制造业
002830,名雕股份,深圳市名雕装饰股份有限公司,广东省深圳市罗湖区笋岗街道梨园路8号HALO广场（笋岗3号仓库整栋）3层15-16室,E 建筑业
002831,裕同科技,深圳市裕同包装科技股份有限公司,广东省深圳市宝安区石岩街道水田社区石环路1号A栋，B栋，C栋，E栋，H栋，J栋，G栋,C 制造业
002832,比音勒芬,比音勒芬服饰股份有限公司,广东省广州市番禺区南村镇兴业大道东608号,C 制造业
002833,弘亚数控,广州弘亚数控机械股份有限公司,广东省广州市黄埔区云埔工业区云开路3号,C 制造业
002835,同为股份,深圳市同为数码科技股份有限公司,广东省深圳市南山区粤海街道深圳湾科技生态园9栋B4座23楼,C 制造业
002836,新宏泽,广东新宏泽包装股份有限公司,广东省潮州市潮州大道北片工业区北站二路宏泽工业园,C 制造业
002837,英维克,深圳市英维克科技股份有限公司,广东省深圳市龙华区观澜街道观光路1303号鸿信工业园9号厂房1-3楼,C 制造业
002838,道恩股份,山东道恩高分子材料股份有限公司,山东省龙口市振兴路北首道恩经济园工业园区,C 制造业
002839,张家港行,江苏张家港农村商业银行股份有限公司,江苏省张家港市杨舍镇人民中路66号,J 金融业
002840,华统股份,浙江华统肉制品股份有限公司,浙江省义乌市义亭镇姑塘工业小区,C 制造业
002841,视源股份,广州视源电子科技股份有限公司,广东省广州市黄埔区云埔四路6号,C 制造业
002842,翔鹭钨业,广东翔鹭钨业股份有限公司,广东省潮州市湘桥区官塘镇庵头工业区,C 制造业
002843,泰嘉股份,湖南泰嘉新材料科技股份有限公司,湖南省长沙市望城经济技术开发区泰嘉路68号,C 制造业
002845,同兴达,深圳同兴达科技股份有限公司,广东省深圳市龙华区观澜街道新澜社区观光路1301-72号银星智界2号楼1301-1601,C 制造业
002846,英联股份,广东英联包装股份有限公司,广东省汕头市濠江区达南路中段,C 制造业
002847,盐津铺子,盐津铺子食品股份有限公司,湖南省浏阳生物医药工业园,C 制造业
002848,高斯贝尔,高斯贝尔数码科技股份有限公司,湖南省郴州市苏仙区观山洞街道高斯贝尔产业园,C 制造业
002849,威星智能,浙江威星智能仪表股份有限公司,浙江省杭州市拱墅区莫干山路1418-41号6号楼（上城科技工业基地）,C 制造业
002850,科达利,深圳市科达利实业股份有限公司,广东省深圳市龙华区大浪街道同胜社区中建科技厂区厂房一1层,C 制造业
002851,麦格米特,深圳麦格米特电气股份有限公司,"广东省深圳市南山区高新技术产业园北区朗山路13号清华紫光科技园5层A,B,C501-503,D,E",C 制造业
002852,道道全,道道全粮油股份有限公司,湖南省岳阳经济技术开发区营盘岭路113号,C 制造业
002853,皮阿诺,广东皮阿诺科学艺术家居股份有限公司,广东省中山市阜沙镇上南村、中山市阜沙镇安华路2号之一、中山市阜沙镇阜南大道230号,C 制造业
002855,捷荣技术,东莞捷荣技术股份有限公司,广东省东莞市长安步步高路408号,C 制造业
002856,美芝股份,深圳市美芝装饰设计工程股份有限公司,广东省深圳市福田区八卦四路科研楼7栋1-6层,E 建筑业
002857,三晖电气,郑州三晖电气股份有限公司,河南省郑州市自贸试验区郑州片区（经开）第五大街85号,C 制造业
002858,力盛赛车,上海力盛赛车文化股份有限公司,上海市松江区佘山镇沈砖公路3000号,R 文化传播
002859,洁美科技,浙江洁美电子科技股份有限公司,浙江省安吉经济开发区阳光工业园区,C 制造业
002860,星帅尔,杭州星帅尔电器股份有限公司,浙江省杭州市富阳区受降镇祝家村交界岭99号(2、3、4、5幢),C 制造业
002861,瀛通通讯,瀛通通讯股份有限公司,湖北省通城县隽水镇经济开发区新塔社区,C 制造业
002862,实丰文化,实丰文化发展股份有限公司,广东省汕头市澄海区文冠路澄华工业区,C 制造业
002863,今飞凯达,浙江今飞凯达轮毂股份有限公司,浙江省金华市婺城区夹溪路888号办公楼,C 制造业
002864,盘龙药业,陕西盘龙药业集团股份有限公司,陕西省商洛市柞水县盘龙生态产业园,C 制造业
002865,钧达股份,海南钧达汽车饰件股份有限公司,海南省海口市南海大道168号海口保税区内海南钧达大楼,C 制造业
002866,传艺科技,江苏传艺科技股份有限公司,江苏省高邮市高邮经济开发区凌波路33号,C 制造业
002867,周大生,周大生珠宝股份有限公司,广东省深圳市罗湖区水贝二路二街3号水贝壹号A座19-23层,F 批发零售
002868,绿康生化,绿康生化股份有限公司,福建省浦城县南浦生态工业园区19号,C 制造业
002869,金溢科技,深圳市金溢科技股份有限公司,广东省深圳市南山区粤海街道科技南路16号深圳湾科技生态园11栋A座18-20层01-08号,C 制造业
002870,香山股份,广东香山衡器集团股份有限公司,广东省中山市东区起湾道东侧白沙湾工业园区,C 制造业
002871,伟隆股份,青岛伟隆阀门股份有限公司,山东省青岛即墨市蓝村镇兴和路45号,C 制造业
002872,*ST天圣,天圣制药集团股份有限公司,重庆市朝阳工业园区(垫江桂溪),F 批发零售
002873,新天药业,贵阳新天药业股份有限公司,贵州省贵阳市贵阳国家高新技术产业开发区新添大道114号,C 制造业
002875,安奈儿,深圳市安奈儿股份有限公司,广东省深圳市龙岗区坂田街道雪岗路2018号天安云谷产业园一期3栋A座13-17楼,C 制造业
002876,三利谱,深圳市三利谱光电科技股份有限公司,广东省深圳市光明新区公明办事处楼村社区第二工业区同富一路5号第1-9栋,C 制造业
002877,智能自控,无锡智能自控工程股份有限公司,江苏省无锡市锡达路258,C 制造业
002878,元隆雅图,北京元隆雅图文化传播股份有限公司,北京市西城区广安门内大街12层1218,L 商务服务
002879,长缆科技,长缆电工科技股份有限公司,湖南省长沙高新开发区麓谷工业园桐梓坡西路223号,C 制造业
002880,卫光生物,深圳市卫光生物制品股份有限公司,广东省深圳市光明新区光明街道光侨大道3402号,C 制造业
002881,美格智能,美格智能技术股份有限公司,广东省深圳市宝安区福永街道凤凰社区岭下路5号办公楼2层,C 制造业
002882,金龙羽,金龙羽集团股份有限公司,广东省深圳市龙岗区吉华街道吉华路288号金龙羽工业园,C 制造业
002883,中设股份,江苏中设集团股份有限公司,江苏省无锡市滨湖区锦溪路100号,M 科研服务
002884,凌霄泵业,广东凌霄泵业股份有限公司,广东省阳春市春城镇春江大道117号,C 制造业
002885,京泉华,深圳市京泉华科技股份有限公司,广东省深圳市龙华区观澜街道桂月路325号京泉华工业园,C 制造业
002886,沃特股份,深圳市沃特新材料股份有限公司,广东省深圳市南山区南头关口二路智恒战略性新兴产业园10栋1至2楼,C 制造业
002887,绿茵生态,天津绿茵景观生态建设股份有限公司,天津市滨海高新区华苑产业区开华道20号南开科技大厦主楼1508,N 公共环保
002888,惠威科技,广州惠威电声科技股份有限公司,广东省广州市南沙区东涌镇三沙公路13号,C 制造业
002889,东方嘉盛,深圳市东方嘉盛供应链股份有限公司,广东省深圳市前海深港合作区前湾一路1号A栋201室,L 商务服务
002890,弘宇股份,山东弘宇农机股份有限公司,山东省莱州市虎头崖经济技术工业园区弘宇路3号,C 制造业
002891,中宠股份,烟台中宠食品股份有限公司,山东省烟台市莱山经济开发区蒲昌路8号,C 制造业
002892,科力尔,科力尔电机集团股份有限公司,湖南省祁阳县黎家坪镇南正北路49号,C 制造业
002893,华通热力,北京华远意通热力科技股份有限公司,北京市丰台区南四环西路186号三区4号楼5层01室,D 水电煤气
002895,川恒股份,贵州川恒化工股份有限公司,贵州省黔南布依族苗族自治州福泉市龙昌镇,C 制造业
002896,中大力德,宁波中大力德智能传动股份有限公司,浙江省宁波市慈溪市新兴产业集群区宗汉街道新兴一路185号,C 制造业
002897,意华股份,温州意华接插件股份有限公司,浙江省乐清市翁垟工业区意华科技园华星路2号,C 制造业
002898,赛隆药业,珠海赛隆药业股份有限公司,广东省珠海市吉大海滨南路47号光大国际贸易中心二层西侧,C 制造业
002899,英派斯,青岛英派斯健康科技股份有限公司,山东省青岛市即墨市华山二路369号,C 制造业
002900,哈三联,哈尔滨三联药业股份有限公司,黑龙江省哈尔滨市利民开发区北京路,C 制造业
002901,大博医疗,大博医疗科技股份有限公司,福建省厦门市海沧区山边洪东路18号,C 制造业
002902,铭普光磁,东莞铭普光磁股份有限公司,广东省东莞市石排镇东园大道石排段157号1号楼,C 制造业
002903,宇环数控,宇环数控机床股份有限公司,湖南省长沙市浏阳制造产业基地永阳路9号,C 制造业
002905,金逸影视,广州金逸影视传媒股份有限公司,广东省广州市天河区华成路8号之一402房之一,R 文化传播
002906,华阳集团,惠州市华阳集团股份有限公司,广东省惠州市东江高新科技产业园上霞北路1号华阳工业园A区集团办公大楼,C 制造业
002907,华森制药,重庆华森制药股份有限公司,重庆市荣昌区工业园区,C 制造业
002908,德生科技,广东德生科技股份有限公司,广东省广州市天河区软件路15号第二层201室、三、四层,I 信息技术
002909,集泰股份,广州集泰化工股份有限公司,广东省广州市高新技术产业开发区南翔一路62号自编六栋二楼、五楼,C 制造业
002910,庄园牧场,兰州庄园牧场股份有限公司,甘肃省兰州市榆中县三角城乡三角城村,C 制造业
002911,佛燃能源,佛燃能源集团股份有限公司,广东省佛山市禅城区季华五路25号,D 水电煤气
002912,中新赛克,深圳市中新赛克科技股份有限公司,广东省深圳市南山区粤海街道高新区社区高新南七道20号深圳国家工程实验室大楼A1403,I 信息技术
002913,奥士康,奥士康科技股份有限公司,湖南省益阳市资阳区长春工业园龙塘村,C 制造业
002915,中欣氟材,浙江中欣氟材股份有限公司,浙江省绍兴市杭州湾上虞经济技术开发区,C 制造业
002916,深南电路,深南电路股份有限公司,广东省深圳市龙岗区坪地街道盐龙大道1639号,C 制造业
002917,金奥博,深圳市金奥博科技股份有限公司,广东省深圳市南山区高新技术产业园区（南区）R2-A栋3、4层,C 制造业
002918,蒙娜丽莎,蒙娜丽莎集团股份有限公司,广东省佛山市南海区西樵轻纺城工业园,C 制造业
002919,名臣健康,名臣健康用品股份有限公司,广东省汕头市澄海区莲南工业区,C 制造业
002920,德赛西威,惠州市德赛西威汽车电子股份有限公司,广东省惠州市仲恺高新区和畅五路西103号,C 制造业
002921,联诚精密,山东联诚精密制造股份有限公司,山东省济宁市兖州区经济开发区北环城路6号,C 制造业
002922,伊戈尔,伊戈尔电气股份有限公司,广东省佛山市南海区简平路桂城科技园A3号,C 制造业
002923,润都股份,珠海润都制药股份有限公司,广东省珠海市金湾区三灶镇机场北路6号,C 制造业
002925,盈趣科技,厦门盈趣科技股份有限公司,福建省厦门市海沧区东孚西路100号,C 制造业
002926,华西证券,华西证券股份有限公司,四川省成都市高新区天府二街198号,J 金融业
002927,泰永长征,贵州泰永长征技术股份有限公司,贵州省遵义市汇川区外高桥工业园区武汉路中段,C 制造业
002928,华夏航空,华夏航空股份有限公司,贵州省贵阳市南明区龙洞堡机场内机场宾馆附楼2-3层,G 运输仓储
002929,润建股份,润建股份有限公司,广西壮族自治区南宁市西乡塘区总部路1号中国东盟科技企业孵化基地一期D7栋501室,I 信息技术
002930,宏川智慧,广东宏川智慧物流股份有限公司,广东省东莞市沙田镇立沙岛淡水河口南岸三江公司行政楼三楼,G 运输仓储
002931,锋龙股份,浙江锋龙电气股份有限公司,浙江省绍兴市上虞区梁湖工业园区倪禄路5号,C 制造业
002932,明德生物,武汉明德生物科技股份有限公司,湖北省武汉市东湖新技术开发区高新二路388号武汉光谷国际生物医药企业加速器3.1期25栋1层（3）厂房三号,C 制造业
002933,新兴装备,北京新兴东方航空装备股份有限公司,北京市海淀区西杉创意园四区4号楼,C 制造业
002935,天奥电子,成都天奥电子股份有限公司,四川省成都市金牛区高科技产业开发区土桥村九组,C 制造业
002936,郑州银行,郑州银行股份有限公司,河南省郑州市郑东新区商务外环路22号,J 金融业
002937,兴瑞科技,宁波兴瑞电子科技股份有限公司,浙江省慈溪市长河镇,C 制造业
002938,鹏鼎控股,鹏鼎控股（深圳）股份有限公司,广东省深圳市宝安区燕罗街道燕川社区松罗路鹏鼎园区厂房A1栋至A3栋,C 制造业
002939,长城证券,长城证券股份有限公司,广东省深圳市福田区福田街道金田路2026号能源大厦南塔楼10-19层,J 金融业
002940,昂利康,浙江昂利康制药股份有限公司,浙江省嵊州市嵊州大道北1000号,C 制造业
002941,新疆交建,新疆交通建设集团股份有限公司,新疆维吾尔自治区乌鲁木齐市高新技术产业开发区（新市区）乌昌路辅道840号,E 建筑业
002942,新农股份,浙江新农化工股份有限公司,浙江省仙居县杨府三里溪,C 制造业
002943,宇晶股份,湖南宇晶机器股份有限公司,湖南省益阳市长春经济开发区马良北路341号,C 制造业
002945,华林证券,华林证券股份有限公司,西藏自治区拉萨市柳梧新区国际总部城3幢1单元5层5号,J 金融业
002946,新乳业,新希望乳业股份有限公司,四川省成都市锦江区金石路366号新希望中鼎国际2栋18楼3号,C 制造业
002947,恒铭达,苏州恒铭达电子科技股份有限公司,江苏省昆山市巴城镇石牌塔基路1568号,C 制造业
002948,青岛银行,青岛银行股份有限公司,山东省青岛市崂山区秦岭路6号3号楼,J 金融业
002949,华阳国际,深圳市华阳国际工程设计股份有限公司,广东省深圳市龙华区福城街道桔塘社区桔岭新村236号104,M 科研服务
002950,奥美医疗,奥美医疗用品股份有限公司,湖北省枝江市马家店七星大道18号,C 制造业
002951,金时科技,四川金时科技股份有限公司,四川省成都经济技术开发区(龙泉驿区)车城西三路289号,C 制造业
002952,亚世光电,亚世光电股份有限公司,辽宁省鞍山市立山区越岭路288号,C 制造业
002953,日丰股份,广东日丰电缆股份有限公司,广东省中山市西区广丰工业园,C 制造业
002955,鸿合科技,鸿合科技股份有限公司,北京市海淀区上地三街9号C座C1104室,C 制造业
002956,西麦食品,桂林西麦食品股份有限公司,广西壮族自治区桂林市高新技术开发区九号小区,C 制造业
002957,科瑞技术,深圳科瑞技术股份有限公司,广东省深圳市南山区粤海街道高新区中区麻雀岭工业区M-7栋中钢大厦一层及M-6栋中钢大厦五层B区,C 制造业
002958,青农商行,青岛农村商业银行股份有限公司,山东省青岛市崂山区秦岭路6号1号楼,J 金融业
002959,小熊电器,小熊电器股份有限公司,广东省佛山市顺德区勒流街道富裕村委会富安集约工业区5-2-1号地,C 制造业
002960,青鸟消防,青鸟消防股份有限公司,河北涿鹿涿下路工业园,C 制造业
002961,瑞达期货,瑞达期货股份有限公司,福建省厦门市思明区塔埔东路169号13层,J 金融业
002962,五方光电,湖北五方光电股份有限公司,湖北省荆州市深圳大道55号,C 制造业
002963,豪尔赛,豪尔赛科技集团股份有限公司,北京市海淀区中关村南大街17号3号楼1902室,E 建筑业
002965,祥鑫科技,祥鑫科技股份有限公司,广东省东莞市长安镇建安路893号,C 制造业
002966,苏州银行,苏州银行股份有限公司,江苏省苏州工业园区钟园路728号,J 金融业
002967,广电计量,广州广电计量检测股份有限公司,广东省广州市天河区黄埔大道西平云路163号,M 科研服务
002968,新大正,重庆新大正物业集团股份有限公司,重庆市渝中区虎踞路78号1-1#,K 房地产
002969,嘉美包装,嘉美食品包装（滁州）股份有限公司,安徽省滁州市苏州北路258号,C 制造业
002970,锐明技术,深圳市锐明技术股份有限公司,广东省深圳市南山区学苑大道1001号南山智园B1栋21-23楼,C 制造业
002971,和远气体,湖北和远气体股份有限公司,湖北省长阳土家族自治县龙舟坪镇龙舟大道52号(馨农家园)2栋1102,C 制造业
002972,科安达,深圳科安达电子科技股份有限公司,广东省深圳市福田区深南大道1006号深圳国际创新中心C栋14层,C 制造业
002973,侨银环保,侨银环保科技股份有限公司,广东省广州市从化街口街开源路23号三层自编A318,N 公共环保
002975,博杰股份,珠海博杰电子股份有限公司,广东省珠海市香洲区福田路10号厂房1一楼-1、二、三、四楼,C 制造业
002976,瑞玛工业,苏州瑞玛精密工业股份有限公司,江苏省苏州高新区浒关工业园浒晨路28号,C 制造业
002977,天箭科技,成都天箭科技股份有限公司,四川省成都高新区科技孵化园9号楼B座,C 制造业
002978,安宁股份,四川安宁铁钛股份有限公司,四川省攀枝花市米易县垭口镇,B 采矿业
002979,雷赛智能,深圳市雷赛智能控制股份有限公司,广东省深圳市南山区桃源街道学苑大道1001号南山智园A3栋9-11楼,C 制造业
002980,华盛昌,深圳市华盛昌科技实业股份有限公司,广东省深圳市南山区西丽白芒松白公路百旺信工业区五区19＃、21＃厂房、A区（一区）4号厂房,C 制造业
002981,朝阳科技,广东朝阳电子科技股份有限公司,广东省东莞市企石镇旧围工业区,C 制造业
002982,湘佳股份,湖南湘佳牧业股份有限公司,湖南省常德市石门经济开发区天供山居委会夹山路9号,A 农林牧渔
002983,芯瑞达,安徽芯瑞达科技股份有限公司,安徽省合肥经济技术开发区方兴大道6988号芯瑞达科技园,C 制造业
002985,北摩高科,北京北摩高科摩擦材料股份有限公司,北京市昌平区科技园区火炬街甲12号B218室,C 制造业
002986,宇新股份,湖南宇新能源科技股份有限公司,湖南省长沙市雨花区迎新路868号德思勤城市广场第A-2地块第7栋16层,C 制造业
002987,京北方,京北方信息技术股份有限公司,北京市海淀区西三环北路25号7层,I 信息技术
002988,豪美新材,广东豪美新材股份有限公司,广东省清远市高新技术产业开发区泰基工业城,C 制造业
002990,盛视科技,盛视科技股份有限公司,广东省深圳市福田区沙头街道天安社区泰然十路天安创新科技广场二期东座1601、1605,I 信息技术
003816,中国广核,中国广核电力股份有限公司,广东省深圳市福田区深南大道2002号中广核大厦南楼18楼,D 水电煤气
